threads,image,transform,input_path,output_path,status,task_time_seconds
6,img_01_convertico-coffee-bean-24-bit-bmp,inversion_horizontal_grises,/tmp/img_analyzer_qt5_crtdet8i/input/img_01_convertico-coffee-bean-24-bit-bmp.bmp,/home/parallels/Documents/act/image_analyzer/output/6_threads/img_01_convertico-coffee-bean-24-bit-bmp__flip_h_gray.bmp,ok,0.012493
6,img_01_convertico-coffee-bean-24-bit-bmp,inversion_vertical_grises,/tmp/img_analyzer_qt5_crtdet8i/input/img_01_convertico-coffee-bean-24-bit-bmp.bmp,/home/parallels/Documents/act/image_analyzer/output/6_threads/img_01_convertico-coffee-bean-24-bit-bmp__flip_v_gray.bmp,ok,0.007878
6,img_01_convertico-coffee-bean-24-bit-bmp,desenfoque_grises,/tmp/img_analyzer_qt5_crtdet8i/input/img_01_convertico-coffee-bean-24-bit-bmp.bmp,/home/parallels/Documents/act/image_analyzer/output/6_threads/img_01_convertico-coffee-bean-24-bit-bmp__blur_gray.bmp,ok,0.015527
6,img_01_convertico-coffee-bean-24-bit-bmp,inversion_horizontal_color,/tmp/img_analyzer_qt5_crtdet8i/input/img_01_convertico-coffee-bean-24-bit-bmp.bmp,/home/parallels/Documents/act/image_analyzer/output/6_threads/img_01_convertico-coffee-bean-24-bit-bmp__flip_h_color.bmp,ok,0.027013
6,img_01_convertico-coffee-bean-24-bit-bmp,inversion_vertical_color,/tmp/img_analyzer_qt5_crtdet8i/input/img_01_convertico-coffee-bean-24-bit-bmp.bmp,/home/parallels/Documents/act/image_analyzer/output/6_threads/img_01_convertico-coffee-bean-24-bit-bmp__flip_v_color.bmp,ok,0.004824
6,img_01_convertico-coffee-bean-24-bit-bmp,desenfoque_color,/tmp/img_analyzer_qt5_crtdet8i/input/img_01_convertico-coffee-bean-24-bit-bmp.bmp,/home/parallels/Documents/act/image_analyzer/output/6_threads/img_01_convertico-coffee-bean-24-bit-bmp__blur_color.bmp,ok,0.008718
6,img_02_sample_1280×853,inversion_horizontal_grises,/tmp/img_analyzer_qt5_crtdet8i/input/img_02_sample_1280×853.bmp,/home/parallels/Documents/act/image_analyzer/output/6_threads/img_02_sample_1280×853__flip_h_gray.bmp,ok,0.003118
6,img_02_sample_1280×853,inversion_vertical_grises,/tmp/img_analyzer_qt5_crtdet8i/input/img_02_sample_1280×853.bmp,/home/parallels/Documents/act/image_analyzer/output/6_threads/img_02_sample_1280×853__flip_v_gray.bmp,ok,0.003280
6,img_02_sample_1280×853,desenfoque_grises,/tmp/img_analyzer_qt5_crtdet8i/input/img_02_sample_1280×853.bmp,/home/parallels/Documents/act/image_analyzer/output/6_threads/img_02_sample_1280×853__blur_gray.bmp,ok,0.010483
6,img_02_sample_1280×853,inversion_horizontal_color,/tmp/img_analyzer_qt5_crtdet8i/input/img_02_sample_1280×853.bmp,/home/parallels/Documents/act/image_analyzer/output/6_threads/img_02_sample_1280×853__flip_h_color.bmp,ok,0.003143
6,img_02_sample_1280×853,inversion_vertical_color,/tmp/img_analyzer_qt5_crtdet8i/input/img_02_sample_1280×853.bmp,/home/parallels/Documents/act/image_analyzer/output/6_threads/img_02_sample_1280×853__flip_v_color.bmp,ok,0.001805
6,img_02_sample_1280×853,desenfoque_color,/tmp/img_analyzer_qt5_crtdet8i/input/img_02_sample_1280×853.bmp,/home/parallels/Documents/act/image_analyzer/output/6_threads/img_02_sample_1280×853__blur_color.bmp,ok,0.005510
6,img_03_1-bmp-sample-2_(1),inversion_horizontal_grises,/tmp/img_analyzer_qt5_crtdet8i/input/img_03_1-bmp-sample-2_(1).bmp,/home/parallels/Documents/act/image_analyzer/output/6_threads/img_03_1-bmp-sample-2_(1)__flip_h_gray.bmp,ok,0.092451
6,img_03_1-bmp-sample-2_(1),inversion_vertical_grises,/tmp/img_analyzer_qt5_crtdet8i/input/img_03_1-bmp-sample-2_(1).bmp,/home/parallels/Documents/act/image_analyzer/output/6_threads/img_03_1-bmp-sample-2_(1)__flip_v_gray.bmp,ok,0.040720
6,img_03_1-bmp-sample-2_(1),desenfoque_grises,/tmp/img_analyzer_qt5_crtdet8i/input/img_03_1-bmp-sample-2_(1).bmp,/home/parallels/Documents/act/image_analyzer/output/6_threads/img_03_1-bmp-sample-2_(1)__blur_gray.bmp,ok,0.029712
6,img_03_1-bmp-sample-2_(1),inversion_horizontal_color,/tmp/img_analyzer_qt5_crtdet8i/input/img_03_1-bmp-sample-2_(1).bmp,/home/parallels/Documents/act/image_analyzer/output/6_threads/img_03_1-bmp-sample-2_(1)__flip_h_color.bmp,ok,0.034613
6,img_03_1-bmp-sample-2_(1),inversion_vertical_color,/tmp/img_analyzer_qt5_crtdet8i/input/img_03_1-bmp-sample-2_(1).bmp,/home/parallels/Documents/act/image_analyzer/output/6_threads/img_03_1-bmp-sample-2_(1)__flip_v_color.bmp,ok,0.024953
6,img_03_1-bmp-sample-2_(1),desenfoque_color,/tmp/img_analyzer_qt5_crtdet8i/input/img_03_1-bmp-sample-2_(1).bmp,/home/parallels/Documents/act/image_analyzer/output/6_threads/img_03_1-bmp-sample-2_(1)__blur_color.bmp,ok,0.054984
6,img_01_1-bmp-sample-2_(1),inversion_horizontal_grises,/tmp/img_analyzer_qt5_ct92j4rz/input/img_01_1-bmp-sample-2_(1).bmp,/home/parallels/Documents/act/image_analyzer/output/6_threads/img_01_1-bmp-sample-2_(1)__flip_h_gray.bmp,ok,0.019479
6,img_01_1-bmp-sample-2_(1),inversion_vertical_grises,/tmp/img_analyzer_qt5_ct92j4rz/input/img_01_1-bmp-sample-2_(1).bmp,/home/parallels/Documents/act/image_analyzer/output/6_threads/img_01_1-bmp-sample-2_(1)__flip_v_gray.bmp,ok,0.012058
6,img_01_1-bmp-sample-2_(1),desenfoque_grises,/tmp/img_analyzer_qt5_ct92j4rz/input/img_01_1-bmp-sample-2_(1).bmp,/home/parallels/Documents/act/image_analyzer/output/6_threads/img_01_1-bmp-sample-2_(1)__blur_gray.bmp,ok,0.021932
6,img_01_1-bmp-sample-2_(1),inversion_horizontal_color,/tmp/img_analyzer_qt5_ct92j4rz/input/img_01_1-bmp-sample-2_(1).bmp,/home/parallels/Documents/act/image_analyzer/output/6_threads/img_01_1-bmp-sample-2_(1)__flip_h_color.bmp,ok,0.007757
6,img_01_1-bmp-sample-2_(1),inversion_vertical_color,/tmp/img_analyzer_qt5_ct92j4rz/input/img_01_1-bmp-sample-2_(1).bmp,/home/parallels/Documents/act/image_analyzer/output/6_threads/img_01_1-bmp-sample-2_(1)__flip_v_color.bmp,ok,0.006249
6,img_01_1-bmp-sample-2_(1),desenfoque_color,/tmp/img_analyzer_qt5_ct92j4rz/input/img_01_1-bmp-sample-2_(1).bmp,/home/parallels/Documents/act/image_analyzer/output/6_threads/img_01_1-bmp-sample-2_(1)__blur_color.bmp,ok,0.027381
6,img_02_sample_1280×853,inversion_horizontal_grises,/tmp/img_analyzer_qt5_ct92j4rz/input/img_02_sample_1280×853.bmp,/home/parallels/Documents/act/image_analyzer/output/6_threads/img_02_sample_1280×853__flip_h_gray.bmp,ok,0.008316
6,img_02_sample_1280×853,inversion_vertical_grises,/tmp/img_analyzer_qt5_ct92j4rz/input/img_02_sample_1280×853.bmp,/home/parallels/Documents/act/image_analyzer/output/6_threads/img_02_sample_1280×853__flip_v_gray.bmp,ok,0.012360
6,img_02_sample_1280×853,desenfoque_grises,/tmp/img_analyzer_qt5_ct92j4rz/input/img_02_sample_1280×853.bmp,/home/parallels/Documents/act/image_analyzer/output/6_threads/img_02_sample_1280×853__blur_gray.bmp,ok,0.011937
6,img_02_sample_1280×853,inversion_horizontal_color,/tmp/img_analyzer_qt5_ct92j4rz/input/img_02_sample_1280×853.bmp,/home/parallels/Documents/act/image_analyzer/output/6_threads/img_02_sample_1280×853__flip_h_color.bmp,ok,0.008105
6,img_02_sample_1280×853,inversion_vertical_color,/tmp/img_analyzer_qt5_ct92j4rz/input/img_02_sample_1280×853.bmp,/home/parallels/Documents/act/image_analyzer/output/6_threads/img_02_sample_1280×853__flip_v_color.bmp,ok,0.002512
6,img_02_sample_1280×853,desenfoque_color,/tmp/img_analyzer_qt5_ct92j4rz/input/img_02_sample_1280×853.bmp,/home/parallels/Documents/act/image_analyzer/output/6_threads/img_02_sample_1280×853__blur_color.bmp,ok,0.007098
6,img_03_convertico-coffee-bean-24-bit-bmp,inversion_horizontal_grises,/tmp/img_analyzer_qt5_ct92j4rz/input/img_03_convertico-coffee-bean-24-bit-bmp.bmp,/home/parallels/Documents/act/image_analyzer/output/6_threads/img_03_convertico-coffee-bean-24-bit-bmp__flip_h_gray.bmp,ok,0.002764
6,img_03_convertico-coffee-bean-24-bit-bmp,inversion_vertical_grises,/tmp/img_analyzer_qt5_ct92j4rz/input/img_03_convertico-coffee-bean-24-bit-bmp.bmp,/home/parallels/Documents/act/image_analyzer/output/6_threads/img_03_convertico-coffee-bean-24-bit-bmp__flip_v_gray.bmp,ok,0.001781
6,img_03_convertico-coffee-bean-24-bit-bmp,desenfoque_grises,/tmp/img_analyzer_qt5_ct92j4rz/input/img_03_convertico-coffee-bean-24-bit-bmp.bmp,/home/parallels/Documents/act/image_analyzer/output/6_threads/img_03_convertico-coffee-bean-24-bit-bmp__blur_gray.bmp,ok,0.007044
6,img_03_convertico-coffee-bean-24-bit-bmp,inversion_horizontal_color,/tmp/img_analyzer_qt5_ct92j4rz/input/img_03_convertico-coffee-bean-24-bit-bmp.bmp,/home/parallels/Documents/act/image_analyzer/output/6_threads/img_03_convertico-coffee-bean-24-bit-bmp__flip_h_color.bmp,ok,0.002350
6,img_03_convertico-coffee-bean-24-bit-bmp,inversion_vertical_color,/tmp/img_analyzer_qt5_ct92j4rz/input/img_03_convertico-coffee-bean-24-bit-bmp.bmp,/home/parallels/Documents/act/image_analyzer/output/6_threads/img_03_convertico-coffee-bean-24-bit-bmp__flip_v_color.bmp,ok,0.003490
6,img_03_convertico-coffee-bean-24-bit-bmp,desenfoque_color,/tmp/img_analyzer_qt5_ct92j4rz/input/img_03_convertico-coffee-bean-24-bit-bmp.bmp,/home/parallels/Documents/act/image_analyzer/output/6_threads/img_03_convertico-coffee-bean-24-bit-bmp__blur_color.bmp,ok,0.012836
6,img_01_1-bmp-sample-2_(1),inversion_horizontal_grises,/tmp/img_analyzer_qt5_oedv08an/input/img_01_1-bmp-sample-2_(1).bmp,/home/parallels/Documents/act/image_analyzer/output/6_threads/img_01_1-bmp-sample-2_(1)__flip_h_gray.bmp,ok,0.009940
6,img_01_1-bmp-sample-2_(1),inversion_vertical_grises,/tmp/img_analyzer_qt5_oedv08an/input/img_01_1-bmp-sample-2_(1).bmp,/home/parallels/Documents/act/image_analyzer/output/6_threads/img_01_1-bmp-sample-2_(1)__flip_v_gray.bmp,ok,0.011986
6,img_01_1-bmp-sample-2_(1),desenfoque_grises,/tmp/img_analyzer_qt5_oedv08an/input/img_01_1-bmp-sample-2_(1).bmp,/home/parallels/Documents/act/image_analyzer/output/6_threads/img_01_1-bmp-sample-2_(1)__blur_gray.bmp,ok,0.035604
6,img_01_1-bmp-sample-2_(1),inversion_horizontal_color,/tmp/img_analyzer_qt5_oedv08an/input/img_01_1-bmp-sample-2_(1).bmp,/home/parallels/Documents/act/image_analyzer/output/6_threads/img_01_1-bmp-sample-2_(1)__flip_h_color.bmp,ok,0.009084
6,img_01_1-bmp-sample-2_(1),inversion_vertical_color,/tmp/img_analyzer_qt5_oedv08an/input/img_01_1-bmp-sample-2_(1).bmp,/home/parallels/Documents/act/image_analyzer/output/6_threads/img_01_1-bmp-sample-2_(1)__flip_v_color.bmp,ok,0.037224
6,img_01_1-bmp-sample-2_(1),desenfoque_color,/tmp/img_analyzer_qt5_oedv08an/input/img_01_1-bmp-sample-2_(1).bmp,/home/parallels/Documents/act/image_analyzer/output/6_threads/img_01_1-bmp-sample-2_(1)__blur_color.bmp,ok,0.026320
6,img_02_sample_1280×853,inversion_horizontal_grises,/tmp/img_analyzer_qt5_oedv08an/input/img_02_sample_1280×853.bmp,/home/parallels/Documents/act/image_analyzer/output/6_threads/img_02_sample_1280×853__flip_h_gray.bmp,ok,0.005589
6,img_02_sample_1280×853,inversion_vertical_grises,/tmp/img_analyzer_qt5_oedv08an/input/img_02_sample_1280×853.bmp,/home/parallels/Documents/act/image_analyzer/output/6_threads/img_02_sample_1280×853__flip_v_gray.bmp,ok,0.002369
6,img_02_sample_1280×853,desenfoque_grises,/tmp/img_analyzer_qt5_oedv08an/input/img_02_sample_1280×853.bmp,/home/parallels/Documents/act/image_analyzer/output/6_threads/img_02_sample_1280×853__blur_gray.bmp,ok,0.014246
6,img_02_sample_1280×853,inversion_horizontal_color,/tmp/img_analyzer_qt5_oedv08an/input/img_02_sample_1280×853.bmp,/home/parallels/Documents/act/image_analyzer/output/6_threads/img_02_sample_1280×853__flip_h_color.bmp,ok,0.002700
6,img_02_sample_1280×853,inversion_vertical_color,/tmp/img_analyzer_qt5_oedv08an/input/img_02_sample_1280×853.bmp,/home/parallels/Documents/act/image_analyzer/output/6_threads/img_02_sample_1280×853__flip_v_color.bmp,ok,0.019428
6,img_02_sample_1280×853,desenfoque_color,/tmp/img_analyzer_qt5_oedv08an/input/img_02_sample_1280×853.bmp,/home/parallels/Documents/act/image_analyzer/output/6_threads/img_02_sample_1280×853__blur_color.bmp,ok,0.008163
6,img_03_convertico-coffee-bean-24-bit-bmp,inversion_horizontal_grises,/tmp/img_analyzer_qt5_oedv08an/input/img_03_convertico-coffee-bean-24-bit-bmp.bmp,/home/parallels/Documents/act/image_analyzer/output/6_threads/img_03_convertico-coffee-bean-24-bit-bmp__flip_h_gray.bmp,ok,0.004368
6,img_03_convertico-coffee-bean-24-bit-bmp,inversion_vertical_grises,/tmp/img_analyzer_qt5_oedv08an/input/img_03_convertico-coffee-bean-24-bit-bmp.bmp,/home/parallels/Documents/act/image_analyzer/output/6_threads/img_03_convertico-coffee-bean-24-bit-bmp__flip_v_gray.bmp,ok,0.004279
6,img_03_convertico-coffee-bean-24-bit-bmp,desenfoque_grises,/tmp/img_analyzer_qt5_oedv08an/input/img_03_convertico-coffee-bean-24-bit-bmp.bmp,/home/parallels/Documents/act/image_analyzer/output/6_threads/img_03_convertico-coffee-bean-24-bit-bmp__blur_gray.bmp,ok,0.015861
6,img_03_convertico-coffee-bean-24-bit-bmp,inversion_horizontal_color,/tmp/img_analyzer_qt5_oedv08an/input/img_03_convertico-coffee-bean-24-bit-bmp.bmp,/home/parallels/Documents/act/image_analyzer/output/6_threads/img_03_convertico-coffee-bean-24-bit-bmp__flip_h_color.bmp,ok,0.006011
6,img_03_convertico-coffee-bean-24-bit-bmp,inversion_vertical_color,/tmp/img_analyzer_qt5_oedv08an/input/img_03_convertico-coffee-bean-24-bit-bmp.bmp,/home/parallels/Documents/act/image_analyzer/output/6_threads/img_03_convertico-coffee-bean-24-bit-bmp__flip_v_color.bmp,ok,0.003570
6,img_03_convertico-coffee-bean-24-bit-bmp,desenfoque_color,/tmp/img_analyzer_qt5_oedv08an/input/img_03_convertico-coffee-bean-24-bit-bmp.bmp,/home/parallels/Documents/act/image_analyzer/output/6_threads/img_03_convertico-coffee-bean-24-bit-bmp__blur_color.bmp,ok,0.015472
6,img_01_1-bmp-sample-2_(1),inversion_vertical_grises,/tmp/img_analyzer_qt5_bkmdfz9y/input/img_01_1-bmp-sample-2_(1).bmp,/home/parallels/Documents/act/image_analyzer/output/6_threads/img_01_1-bmp-sample-2_(1)__flip_v_gray.bmp,ok,0.037596
6,img_01_1-bmp-sample-2_(1),inversion_vertical_color,/tmp/img_analyzer_qt5_bkmdfz9y/input/img_01_1-bmp-sample-2_(1).bmp,/home/parallels/Documents/act/image_analyzer/output/6_threads/img_01_1-bmp-sample-2_(1)__flip_v_color.bmp,ok,0.018597
6,img_01_1-bmp-sample-2_(1),inversion_horizontal_grises,/tmp/img_analyzer_qt5_bkmdfz9y/input/img_01_1-bmp-sample-2_(1).bmp,/home/parallels/Documents/act/image_analyzer/output/6_threads/img_01_1-bmp-sample-2_(1)__flip_h_gray.bmp,ok,0.011252
6,img_01_1-bmp-sample-2_(1),inversion_horizontal_color,/tmp/img_analyzer_qt5_bkmdfz9y/input/img_01_1-bmp-sample-2_(1).bmp,/home/parallels/Documents/act/image_analyzer/output/6_threads/img_01_1-bmp-sample-2_(1)__flip_h_color.bmp,ok,0.011316
6,img_01_1-bmp-sample-2_(1),desenfoque_grises,/tmp/img_analyzer_qt5_bkmdfz9y/input/img_01_1-bmp-sample-2_(1).bmp,/home/parallels/Documents/act/image_analyzer/output/6_threads/img_01_1-bmp-sample-2_(1)__blur_gray.bmp,ok,0.027169
6,img_01_1-bmp-sample-2_(1),desenfoque_color,/tmp/img_analyzer_qt5_bkmdfz9y/input/img_01_1-bmp-sample-2_(1).bmp,/home/parallels/Documents/act/image_analyzer/output/6_threads/img_01_1-bmp-sample-2_(1)__blur_color.bmp,ok,0.044350
6,img_02_convertico-coffee-bean-24-bit-bmp,inversion_vertical_grises,/tmp/img_analyzer_qt5_bkmdfz9y/input/img_02_convertico-coffee-bean-24-bit-bmp.bmp,/home/parallels/Documents/act/image_analyzer/output/6_threads/img_02_convertico-coffee-bean-24-bit-bmp__flip_v_gray.bmp,ok,0.004172
6,img_02_convertico-coffee-bean-24-bit-bmp,inversion_vertical_color,/tmp/img_analyzer_qt5_bkmdfz9y/input/img_02_convertico-coffee-bean-24-bit-bmp.bmp,/home/parallels/Documents/act/image_analyzer/output/6_threads/img_02_convertico-coffee-bean-24-bit-bmp__flip_v_color.bmp,ok,0.006828
6,img_02_convertico-coffee-bean-24-bit-bmp,inversion_horizontal_grises,/tmp/img_analyzer_qt5_bkmdfz9y/input/img_02_convertico-coffee-bean-24-bit-bmp.bmp,/home/parallels/Documents/act/image_analyzer/output/6_threads/img_02_convertico-coffee-bean-24-bit-bmp__flip_h_gray.bmp,ok,0.005899
6,img_02_convertico-coffee-bean-24-bit-bmp,inversion_horizontal_color,/tmp/img_analyzer_qt5_bkmdfz9y/input/img_02_convertico-coffee-bean-24-bit-bmp.bmp,/home/parallels/Documents/act/image_analyzer/output/6_threads/img_02_convertico-coffee-bean-24-bit-bmp__flip_h_color.bmp,ok,0.004804
6,img_02_convertico-coffee-bean-24-bit-bmp,desenfoque_grises,/tmp/img_analyzer_qt5_bkmdfz9y/input/img_02_convertico-coffee-bean-24-bit-bmp.bmp,/home/parallels/Documents/act/image_analyzer/output/6_threads/img_02_convertico-coffee-bean-24-bit-bmp__blur_gray.bmp,ok,0.017022
6,img_02_convertico-coffee-bean-24-bit-bmp,desenfoque_color,/tmp/img_analyzer_qt5_bkmdfz9y/input/img_02_convertico-coffee-bean-24-bit-bmp.bmp,/home/parallels/Documents/act/image_analyzer/output/6_threads/img_02_convertico-coffee-bean-24-bit-bmp__blur_color.bmp,ok,0.023175
6,img_03_sample_1280×853,inversion_vertical_grises,/tmp/img_analyzer_qt5_bkmdfz9y/input/img_03_sample_1280×853.bmp,/home/parallels/Documents/act/image_analyzer/output/6_threads/img_03_sample_1280×853__flip_v_gray.bmp,ok,0.009042
6,img_03_sample_1280×853,inversion_vertical_color,/tmp/img_analyzer_qt5_bkmdfz9y/input/img_03_sample_1280×853.bmp,/home/parallels/Documents/act/image_analyzer/output/6_threads/img_03_sample_1280×853__flip_v_color.bmp,ok,0.011303
6,img_03_sample_1280×853,inversion_horizontal_grises,/tmp/img_analyzer_qt5_bkmdfz9y/input/img_03_sample_1280×853.bmp,/home/parallels/Documents/act/image_analyzer/output/6_threads/img_03_sample_1280×853__flip_h_gray.bmp,ok,0.007235
6,img_03_sample_1280×853,inversion_horizontal_color,/tmp/img_analyzer_qt5_bkmdfz9y/input/img_03_sample_1280×853.bmp,/home/parallels/Documents/act/image_analyzer/output/6_threads/img_03_sample_1280×853__flip_h_color.bmp,ok,0.006409
6,img_03_sample_1280×853,desenfoque_grises,/tmp/img_analyzer_qt5_bkmdfz9y/input/img_03_sample_1280×853.bmp,/home/parallels/Documents/act/image_analyzer/output/6_threads/img_03_sample_1280×853__blur_gray.bmp,ok,0.008616
6,img_03_sample_1280×853,desenfoque_color,/tmp/img_analyzer_qt5_bkmdfz9y/input/img_03_sample_1280×853.bmp,/home/parallels/Documents/act/image_analyzer/output/6_threads/img_03_sample_1280×853__blur_color.bmp,ok,0.009821
6,img_01_1-bmp-sample-2_(1),inversion_vertical_grises,/tmp/img_analyzer_qt5_sr4a9eaz/input/img_01_1-bmp-sample-2_(1).bmp,/home/parallels/Documents/act/image_analyzer/output/6_threads/img_01_1-bmp-sample-2_(1)__flip_v_gray.bmp,ok,0.016237
6,img_01_1-bmp-sample-2_(1),inversion_vertical_color,/tmp/img_analyzer_qt5_sr4a9eaz/input/img_01_1-bmp-sample-2_(1).bmp,/home/parallels/Documents/act/image_analyzer/output/6_threads/img_01_1-bmp-sample-2_(1)__flip_v_color.bmp,ok,0.010667
6,img_01_1-bmp-sample-2_(1),inversion_horizontal_grises,/tmp/img_analyzer_qt5_sr4a9eaz/input/img_01_1-bmp-sample-2_(1).bmp,/home/parallels/Documents/act/image_analyzer/output/6_threads/img_01_1-bmp-sample-2_(1)__flip_h_gray.bmp,ok,0.010812
6,img_01_1-bmp-sample-2_(1),inversion_horizontal_color,/tmp/img_analyzer_qt5_sr4a9eaz/input/img_01_1-bmp-sample-2_(1).bmp,/home/parallels/Documents/act/image_analyzer/output/6_threads/img_01_1-bmp-sample-2_(1)__flip_h_color.bmp,ok,0.012191
6,img_01_1-bmp-sample-2_(1),desenfoque_grises,/tmp/img_analyzer_qt5_sr4a9eaz/input/img_01_1-bmp-sample-2_(1).bmp,/home/parallels/Documents/act/image_analyzer/output/6_threads/img_01_1-bmp-sample-2_(1)__blur_gray.bmp,ok,0.025976
6,img_01_1-bmp-sample-2_(1),desenfoque_color,/tmp/img_analyzer_qt5_sr4a9eaz/input/img_01_1-bmp-sample-2_(1).bmp,/home/parallels/Documents/act/image_analyzer/output/6_threads/img_01_1-bmp-sample-2_(1)__blur_color.bmp,ok,0.033239
6,img_02_convertico-coffee-bean-24-bit-bmp,inversion_vertical_grises,/tmp/img_analyzer_qt5_sr4a9eaz/input/img_02_convertico-coffee-bean-24-bit-bmp.bmp,/home/parallels/Documents/act/image_analyzer/output/6_threads/img_02_convertico-coffee-bean-24-bit-bmp__flip_v_gray.bmp,ok,0.006005
6,img_02_convertico-coffee-bean-24-bit-bmp,inversion_vertical_color,/tmp/img_analyzer_qt5_sr4a9eaz/input/img_02_convertico-coffee-bean-24-bit-bmp.bmp,/home/parallels/Documents/act/image_analyzer/output/6_threads/img_02_convertico-coffee-bean-24-bit-bmp__flip_v_color.bmp,ok,0.008655
6,img_02_convertico-coffee-bean-24-bit-bmp,inversion_horizontal_grises,/tmp/img_analyzer_qt5_sr4a9eaz/input/img_02_convertico-coffee-bean-24-bit-bmp.bmp,/home/parallels/Documents/act/image_analyzer/output/6_threads/img_02_convertico-coffee-bean-24-bit-bmp__flip_h_gray.bmp,ok,0.008828
6,img_02_convertico-coffee-bean-24-bit-bmp,inversion_horizontal_color,/tmp/img_analyzer_qt5_sr4a9eaz/input/img_02_convertico-coffee-bean-24-bit-bmp.bmp,/home/parallels/Documents/act/image_analyzer/output/6_threads/img_02_convertico-coffee-bean-24-bit-bmp__flip_h_color.bmp,ok,0.020002
6,img_02_convertico-coffee-bean-24-bit-bmp,desenfoque_grises,/tmp/img_analyzer_qt5_sr4a9eaz/input/img_02_convertico-coffee-bean-24-bit-bmp.bmp,/home/parallels/Documents/act/image_analyzer/output/6_threads/img_02_convertico-coffee-bean-24-bit-bmp__blur_gray.bmp,ok,0.021537
6,img_02_convertico-coffee-bean-24-bit-bmp,desenfoque_color,/tmp/img_analyzer_qt5_sr4a9eaz/input/img_02_convertico-coffee-bean-24-bit-bmp.bmp,/home/parallels/Documents/act/image_analyzer/output/6_threads/img_02_convertico-coffee-bean-24-bit-bmp__blur_color.bmp,ok,0.015166
6,img_03_sample_1280×853,inversion_vertical_grises,/tmp/img_analyzer_qt5_sr4a9eaz/input/img_03_sample_1280×853.bmp,/home/parallels/Documents/act/image_analyzer/output/6_threads/img_03_sample_1280×853__flip_v_gray.bmp,ok,0.004827
6,img_03_sample_1280×853,inversion_vertical_color,/tmp/img_analyzer_qt5_sr4a9eaz/input/img_03_sample_1280×853.bmp,/home/parallels/Documents/act/image_analyzer/output/6_threads/img_03_sample_1280×853__flip_v_color.bmp,ok,0.011154
6,img_03_sample_1280×853,inversion_horizontal_grises,/tmp/img_analyzer_qt5_sr4a9eaz/input/img_03_sample_1280×853.bmp,/home/parallels/Documents/act/image_analyzer/output/6_threads/img_03_sample_1280×853__flip_h_gray.bmp,ok,0.004032
6,img_03_sample_1280×853,inversion_horizontal_color,/tmp/img_analyzer_qt5_sr4a9eaz/input/img_03_sample_1280×853.bmp,/home/parallels/Documents/act/image_analyzer/output/6_threads/img_03_sample_1280×853__flip_h_color.bmp,ok,0.007585
6,img_03_sample_1280×853,desenfoque_grises,/tmp/img_analyzer_qt5_sr4a9eaz/input/img_03_sample_1280×853.bmp,/home/parallels/Documents/act/image_analyzer/output/6_threads/img_03_sample_1280×853__blur_gray.bmp,ok,0.008708
6,img_03_sample_1280×853,desenfoque_color,/tmp/img_analyzer_qt5_sr4a9eaz/input/img_03_sample_1280×853.bmp,/home/parallels/Documents/act/image_analyzer/output/6_threads/img_03_sample_1280×853__blur_color.bmp,ok,0.016047
6,img_01_1-bmp-sample-2_(1),inversion_vertical_grises,/tmp/img_analyzer_qt5_bgr526sv/input/img_01_1-bmp-sample-2_(1).bmp,/home/parallels/Documents/act/image_analyzer/output/6_threads/img_01_1-bmp-sample-2_(1)__flip_v_gray.bmp,ok,0.009309
6,img_01_1-bmp-sample-2_(1),inversion_vertical_color,/tmp/img_analyzer_qt5_bgr526sv/input/img_01_1-bmp-sample-2_(1).bmp,/home/parallels/Documents/act/image_analyzer/output/6_threads/img_01_1-bmp-sample-2_(1)__flip_v_color.bmp,ok,0.009493
6,img_01_1-bmp-sample-2_(1),inversion_horizontal_grises,/tmp/img_analyzer_qt5_bgr526sv/input/img_01_1-bmp-sample-2_(1).bmp,/home/parallels/Documents/act/image_analyzer/output/6_threads/img_01_1-bmp-sample-2_(1)__flip_h_gray.bmp,ok,0.009351
6,img_01_1-bmp-sample-2_(1),inversion_horizontal_color,/tmp/img_analyzer_qt5_bgr526sv/input/img_01_1-bmp-sample-2_(1).bmp,/home/parallels/Documents/act/image_analyzer/output/6_threads/img_01_1-bmp-sample-2_(1)__flip_h_color.bmp,ok,0.008897
6,img_01_1-bmp-sample-2_(1),desenfoque_grises,/tmp/img_analyzer_qt5_bgr526sv/input/img_01_1-bmp-sample-2_(1).bmp,/home/parallels/Documents/act/image_analyzer/output/6_threads/img_01_1-bmp-sample-2_(1)__blur_gray.bmp,ok,0.019473
6,img_01_1-bmp-sample-2_(1),desenfoque_color,/tmp/img_analyzer_qt5_bgr526sv/input/img_01_1-bmp-sample-2_(1).bmp,/home/parallels/Documents/act/image_analyzer/output/6_threads/img_01_1-bmp-sample-2_(1)__blur_color.bmp,ok,0.018700
6,img_02_convertico-coffee-bean-24-bit-bmp,inversion_vertical_grises,/tmp/img_analyzer_qt5_bgr526sv/input/img_02_convertico-coffee-bean-24-bit-bmp.bmp,/home/parallels/Documents/act/image_analyzer/output/6_threads/img_02_convertico-coffee-bean-24-bit-bmp__flip_v_gray.bmp,ok,0.005114
6,img_02_convertico-coffee-bean-24-bit-bmp,inversion_vertical_color,/tmp/img_analyzer_qt5_bgr526sv/input/img_02_convertico-coffee-bean-24-bit-bmp.bmp,/home/parallels/Documents/act/image_analyzer/output/6_threads/img_02_convertico-coffee-bean-24-bit-bmp__flip_v_color.bmp,ok,0.005355
6,img_02_convertico-coffee-bean-24-bit-bmp,inversion_horizontal_grises,/tmp/img_analyzer_qt5_bgr526sv/input/img_02_convertico-coffee-bean-24-bit-bmp.bmp,/home/parallels/Documents/act/image_analyzer/output/6_threads/img_02_convertico-coffee-bean-24-bit-bmp__flip_h_gray.bmp,ok,0.004639
6,img_02_convertico-coffee-bean-24-bit-bmp,inversion_horizontal_color,/tmp/img_analyzer_qt5_bgr526sv/input/img_02_convertico-coffee-bean-24-bit-bmp.bmp,/home/parallels/Documents/act/image_analyzer/output/6_threads/img_02_convertico-coffee-bean-24-bit-bmp__flip_h_color.bmp,ok,0.003598
6,img_02_convertico-coffee-bean-24-bit-bmp,desenfoque_grises,/tmp/img_analyzer_qt5_bgr526sv/input/img_02_convertico-coffee-bean-24-bit-bmp.bmp,/home/parallels/Documents/act/image_analyzer/output/6_threads/img_02_convertico-coffee-bean-24-bit-bmp__blur_gray.bmp,ok,0.009710
6,img_02_convertico-coffee-bean-24-bit-bmp,desenfoque_color,/tmp/img_analyzer_qt5_bgr526sv/input/img_02_convertico-coffee-bean-24-bit-bmp.bmp,/home/parallels/Documents/act/image_analyzer/output/6_threads/img_02_convertico-coffee-bean-24-bit-bmp__blur_color.bmp,ok,0.012649
6,img_03_sample_1280×853,inversion_vertical_grises,/tmp/img_analyzer_qt5_bgr526sv/input/img_03_sample_1280×853.bmp,/home/parallels/Documents/act/image_analyzer/output/6_threads/img_03_sample_1280×853__flip_v_gray.bmp,ok,0.015822
6,img_03_sample_1280×853,inversion_vertical_color,/tmp/img_analyzer_qt5_bgr526sv/input/img_03_sample_1280×853.bmp,/home/parallels/Documents/act/image_analyzer/output/6_threads/img_03_sample_1280×853__flip_v_color.bmp,ok,0.005389
6,img_03_sample_1280×853,inversion_horizontal_grises,/tmp/img_analyzer_qt5_bgr526sv/input/img_03_sample_1280×853.bmp,/home/parallels/Documents/act/image_analyzer/output/6_threads/img_03_sample_1280×853__flip_h_gray.bmp,ok,0.004139
6,img_03_sample_1280×853,inversion_horizontal_color,/tmp/img_analyzer_qt5_bgr526sv/input/img_03_sample_1280×853.bmp,/home/parallels/Documents/act/image_analyzer/output/6_threads/img_03_sample_1280×853__flip_h_color.bmp,ok,0.004055
6,img_03_sample_1280×853,desenfoque_grises,/tmp/img_analyzer_qt5_bgr526sv/input/img_03_sample_1280×853.bmp,/home/parallels/Documents/act/image_analyzer/output/6_threads/img_03_sample_1280×853__blur_gray.bmp,ok,0.006659
6,img_03_sample_1280×853,desenfoque_color,/tmp/img_analyzer_qt5_bgr526sv/input/img_03_sample_1280×853.bmp,/home/parallels/Documents/act/image_analyzer/output/6_threads/img_03_sample_1280×853__blur_color.bmp,ok,0.007361
6,img_01_1-bmp-sample-2_(1),inversion_vertical_grises,/tmp/img_analyzer_qt5_g82gciit/input/img_01_1-bmp-sample-2_(1).bmp,/home/parallels/Documents/act/image_analyzer/output/6_threads/img_01_1-bmp-sample-2_(1)__flip_v_gray.bmp,ok,0.017921
6,img_01_1-bmp-sample-2_(1),inversion_vertical_color,/tmp/img_analyzer_qt5_g82gciit/input/img_01_1-bmp-sample-2_(1).bmp,/home/parallels/Documents/act/image_analyzer/output/6_threads/img_01_1-bmp-sample-2_(1)__flip_v_color.bmp,ok,0.024632
6,img_01_1-bmp-sample-2_(1),inversion_horizontal_grises,/tmp/img_analyzer_qt5_g82gciit/input/img_01_1-bmp-sample-2_(1).bmp,/home/parallels/Documents/act/image_analyzer/output/6_threads/img_01_1-bmp-sample-2_(1)__flip_h_gray.bmp,ok,0.013549
6,img_01_1-bmp-sample-2_(1),inversion_horizontal_color,/tmp/img_analyzer_qt5_g82gciit/input/img_01_1-bmp-sample-2_(1).bmp,/home/parallels/Documents/act/image_analyzer/output/6_threads/img_01_1-bmp-sample-2_(1)__flip_h_color.bmp,ok,0.015675
6,img_01_1-bmp-sample-2_(1),desenfoque_grises,/tmp/img_analyzer_qt5_g82gciit/input/img_01_1-bmp-sample-2_(1).bmp,/home/parallels/Documents/act/image_analyzer/output/6_threads/img_01_1-bmp-sample-2_(1)__blur_gray.bmp,ok,0.025191
6,img_01_1-bmp-sample-2_(1),desenfoque_color,/tmp/img_analyzer_qt5_g82gciit/input/img_01_1-bmp-sample-2_(1).bmp,/home/parallels/Documents/act/image_analyzer/output/6_threads/img_01_1-bmp-sample-2_(1)__blur_color.bmp,ok,0.074825
6,img_02_convertico-coffee-bean-24-bit-bmp,inversion_vertical_grises,/tmp/img_analyzer_qt5_g82gciit/input/img_02_convertico-coffee-bean-24-bit-bmp.bmp,/home/parallels/Documents/act/image_analyzer/output/6_threads/img_02_convertico-coffee-bean-24-bit-bmp__flip_v_gray.bmp,ok,0.011463
6,img_02_convertico-coffee-bean-24-bit-bmp,inversion_vertical_color,/tmp/img_analyzer_qt5_g82gciit/input/img_02_convertico-coffee-bean-24-bit-bmp.bmp,/home/parallels/Documents/act/image_analyzer/output/6_threads/img_02_convertico-coffee-bean-24-bit-bmp__flip_v_color.bmp,ok,0.008800
6,img_02_convertico-coffee-bean-24-bit-bmp,inversion_horizontal_grises,/tmp/img_analyzer_qt5_g82gciit/input/img_02_convertico-coffee-bean-24-bit-bmp.bmp,/home/parallels/Documents/act/image_analyzer/output/6_threads/img_02_convertico-coffee-bean-24-bit-bmp__flip_h_gray.bmp,ok,0.008656
6,img_02_convertico-coffee-bean-24-bit-bmp,inversion_horizontal_color,/tmp/img_analyzer_qt5_g82gciit/input/img_02_convertico-coffee-bean-24-bit-bmp.bmp,/home/parallels/Documents/act/image_analyzer/output/6_threads/img_02_convertico-coffee-bean-24-bit-bmp__flip_h_color.bmp,ok,0.012771
6,img_02_convertico-coffee-bean-24-bit-bmp,desenfoque_grises,/tmp/img_analyzer_qt5_g82gciit/input/img_02_convertico-coffee-bean-24-bit-bmp.bmp,/home/parallels/Documents/act/image_analyzer/output/6_threads/img_02_convertico-coffee-bean-24-bit-bmp__blur_gray.bmp,ok,0.016846
6,img_02_convertico-coffee-bean-24-bit-bmp,desenfoque_color,/tmp/img_analyzer_qt5_g82gciit/input/img_02_convertico-coffee-bean-24-bit-bmp.bmp,/home/parallels/Documents/act/image_analyzer/output/6_threads/img_02_convertico-coffee-bean-24-bit-bmp__blur_color.bmp,ok,0.022685
6,img_03_sample_1280×853,inversion_vertical_grises,/tmp/img_analyzer_qt5_g82gciit/input/img_03_sample_1280×853.bmp,/home/parallels/Documents/act/image_analyzer/output/6_threads/img_03_sample_1280×853__flip_v_gray.bmp,ok,0.004079
6,img_03_sample_1280×853,inversion_vertical_color,/tmp/img_analyzer_qt5_g82gciit/input/img_03_sample_1280×853.bmp,/home/parallels/Documents/act/image_analyzer/output/6_threads/img_03_sample_1280×853__flip_v_color.bmp,ok,0.006657
6,img_03_sample_1280×853,inversion_horizontal_grises,/tmp/img_analyzer_qt5_g82gciit/input/img_03_sample_1280×853.bmp,/home/parallels/Documents/act/image_analyzer/output/6_threads/img_03_sample_1280×853__flip_h_gray.bmp,ok,0.004591
6,img_03_sample_1280×853,inversion_horizontal_color,/tmp/img_analyzer_qt5_g82gciit/input/img_03_sample_1280×853.bmp,/home/parallels/Documents/act/image_analyzer/output/6_threads/img_03_sample_1280×853__flip_h_color.bmp,ok,0.004494
6,img_03_sample_1280×853,desenfoque_grises,/tmp/img_analyzer_qt5_g82gciit/input/img_03_sample_1280×853.bmp,/home/parallels/Documents/act/image_analyzer/output/6_threads/img_03_sample_1280×853__blur_gray.bmp,ok,0.010714
6,img_03_sample_1280×853,desenfoque_color,/tmp/img_analyzer_qt5_g82gciit/input/img_03_sample_1280×853.bmp,/home/parallels/Documents/act/image_analyzer/output/6_threads/img_03_sample_1280×853__blur_color.bmp,ok,0.009664
6,img_01_1-bmp-sample-2_(1),inversion_vertical_grises,/tmp/img_analyzer_qt5_oyuwc333/input/img_01_1-bmp-sample-2_(1).bmp,/home/parallels/Documents/act/image_analyzer/output/6_threads/img_01_1-bmp-sample-2_(1)__flip_v_gray.bmp,ok,0.023842
6,img_01_1-bmp-sample-2_(1),inversion_vertical_color,/tmp/img_analyzer_qt5_oyuwc333/input/img_01_1-bmp-sample-2_(1).bmp,/home/parallels/Documents/act/image_analyzer/output/6_threads/img_01_1-bmp-sample-2_(1)__flip_v_color.bmp,ok,0.016487
6,img_01_1-bmp-sample-2_(1),inversion_horizontal_grises,/tmp/img_analyzer_qt5_oyuwc333/input/img_01_1-bmp-sample-2_(1).bmp,/home/parallels/Documents/act/image_analyzer/output/6_threads/img_01_1-bmp-sample-2_(1)__flip_h_gray.bmp,ok,0.017172
6,img_01_1-bmp-sample-2_(1),inversion_horizontal_color,/tmp/img_analyzer_qt5_oyuwc333/input/img_01_1-bmp-sample-2_(1).bmp,/home/parallels/Documents/act/image_analyzer/output/6_threads/img_01_1-bmp-sample-2_(1)__flip_h_color.bmp,ok,0.012810
6,img_01_1-bmp-sample-2_(1),desenfoque_grises,/tmp/img_analyzer_qt5_oyuwc333/input/img_01_1-bmp-sample-2_(1).bmp,/home/parallels/Documents/act/image_analyzer/output/6_threads/img_01_1-bmp-sample-2_(1)__blur_gray.bmp,ok,0.025421
6,img_01_1-bmp-sample-2_(1),desenfoque_color,/tmp/img_analyzer_qt5_oyuwc333/input/img_01_1-bmp-sample-2_(1).bmp,/home/parallels/Documents/act/image_analyzer/output/6_threads/img_01_1-bmp-sample-2_(1)__blur_color.bmp,ok,0.025060
6,img_02_convertico-coffee-bean-24-bit-bmp,inversion_vertical_grises,/tmp/img_analyzer_qt5_oyuwc333/input/img_02_convertico-coffee-bean-24-bit-bmp.bmp,/home/parallels/Documents/act/image_analyzer/output/6_threads/img_02_convertico-coffee-bean-24-bit-bmp__flip_v_gray.bmp,ok,0.006394
6,img_02_convertico-coffee-bean-24-bit-bmp,inversion_vertical_color,/tmp/img_analyzer_qt5_oyuwc333/input/img_02_convertico-coffee-bean-24-bit-bmp.bmp,/home/parallels/Documents/act/image_analyzer/output/6_threads/img_02_convertico-coffee-bean-24-bit-bmp__flip_v_color.bmp,ok,0.003775
6,img_02_convertico-coffee-bean-24-bit-bmp,inversion_horizontal_grises,/tmp/img_analyzer_qt5_oyuwc333/input/img_02_convertico-coffee-bean-24-bit-bmp.bmp,/home/parallels/Documents/act/image_analyzer/output/6_threads/img_02_convertico-coffee-bean-24-bit-bmp__flip_h_gray.bmp,ok,0.003883
6,img_02_convertico-coffee-bean-24-bit-bmp,inversion_horizontal_color,/tmp/img_analyzer_qt5_oyuwc333/input/img_02_convertico-coffee-bean-24-bit-bmp.bmp,/home/parallels/Documents/act/image_analyzer/output/6_threads/img_02_convertico-coffee-bean-24-bit-bmp__flip_h_color.bmp,ok,0.006923
6,img_02_convertico-coffee-bean-24-bit-bmp,desenfoque_grises,/tmp/img_analyzer_qt5_oyuwc333/input/img_02_convertico-coffee-bean-24-bit-bmp.bmp,/home/parallels/Documents/act/image_analyzer/output/6_threads/img_02_convertico-coffee-bean-24-bit-bmp__blur_gray.bmp,ok,0.009894
6,img_02_convertico-coffee-bean-24-bit-bmp,desenfoque_color,/tmp/img_analyzer_qt5_oyuwc333/input/img_02_convertico-coffee-bean-24-bit-bmp.bmp,/home/parallels/Documents/act/image_analyzer/output/6_threads/img_02_convertico-coffee-bean-24-bit-bmp__blur_color.bmp,ok,0.013085
6,img_03_sample_1280×853,inversion_vertical_grises,/tmp/img_analyzer_qt5_oyuwc333/input/img_03_sample_1280×853.bmp,/home/parallels/Documents/act/image_analyzer/output/6_threads/img_03_sample_1280×853__flip_v_gray.bmp,ok,0.005654
6,img_03_sample_1280×853,inversion_vertical_color,/tmp/img_analyzer_qt5_oyuwc333/input/img_03_sample_1280×853.bmp,/home/parallels/Documents/act/image_analyzer/output/6_threads/img_03_sample_1280×853__flip_v_color.bmp,ok,0.002788
6,img_03_sample_1280×853,inversion_horizontal_grises,/tmp/img_analyzer_qt5_oyuwc333/input/img_03_sample_1280×853.bmp,/home/parallels/Documents/act/image_analyzer/output/6_threads/img_03_sample_1280×853__flip_h_gray.bmp,ok,0.004198
6,img_03_sample_1280×853,inversion_horizontal_color,/tmp/img_analyzer_qt5_oyuwc333/input/img_03_sample_1280×853.bmp,/home/parallels/Documents/act/image_analyzer/output/6_threads/img_03_sample_1280×853__flip_h_color.bmp,ok,0.004788
6,img_03_sample_1280×853,desenfoque_grises,/tmp/img_analyzer_qt5_oyuwc333/input/img_03_sample_1280×853.bmp,/home/parallels/Documents/act/image_analyzer/output/6_threads/img_03_sample_1280×853__blur_gray.bmp,ok,0.007837
6,img_03_sample_1280×853,desenfoque_color,/tmp/img_analyzer_qt5_oyuwc333/input/img_03_sample_1280×853.bmp,/home/parallels/Documents/act/image_analyzer/output/6_threads/img_03_sample_1280×853__blur_color.bmp,ok,0.006544
6,img_01_1-bmp-sample-2_(1),inversion_vertical_grises,/tmp/img_analyzer_qt5_2v2y2c77/input/img_01_1-bmp-sample-2_(1).bmp,/home/parallels/Documents/act/image_analyzer/output/6_threads/img_01_1-bmp-sample-2_(1)__flip_v_gray.bmp,ok,0.012188
6,img_01_1-bmp-sample-2_(1),inversion_vertical_color,/tmp/img_analyzer_qt5_2v2y2c77/input/img_01_1-bmp-sample-2_(1).bmp,/home/parallels/Documents/act/image_analyzer/output/6_threads/img_01_1-bmp-sample-2_(1)__flip_v_color.bmp,ok,0.010240
6,img_01_1-bmp-sample-2_(1),inversion_horizontal_grises,/tmp/img_analyzer_qt5_2v2y2c77/input/img_01_1-bmp-sample-2_(1).bmp,/home/parallels/Documents/act/image_analyzer/output/6_threads/img_01_1-bmp-sample-2_(1)__flip_h_gray.bmp,ok,0.009872
6,img_01_1-bmp-sample-2_(1),inversion_horizontal_color,/tmp/img_analyzer_qt5_2v2y2c77/input/img_01_1-bmp-sample-2_(1).bmp,/home/parallels/Documents/act/image_analyzer/output/6_threads/img_01_1-bmp-sample-2_(1)__flip_h_color.bmp,ok,0.008358
6,img_01_1-bmp-sample-2_(1),desenfoque_grises,/tmp/img_analyzer_qt5_2v2y2c77/input/img_01_1-bmp-sample-2_(1).bmp,/home/parallels/Documents/act/image_analyzer/output/6_threads/img_01_1-bmp-sample-2_(1)__blur_gray.bmp,ok,0.101173
6,img_01_1-bmp-sample-2_(1),desenfoque_color,/tmp/img_analyzer_qt5_2v2y2c77/input/img_01_1-bmp-sample-2_(1).bmp,/home/parallels/Documents/act/image_analyzer/output/6_threads/img_01_1-bmp-sample-2_(1)__blur_color.bmp,ok,0.102720
6,img_02_convertico-coffee-bean-24-bit-bmp,inversion_vertical_grises,/tmp/img_analyzer_qt5_2v2y2c77/input/img_02_convertico-coffee-bean-24-bit-bmp.bmp,/home/parallels/Documents/act/image_analyzer/output/6_threads/img_02_convertico-coffee-bean-24-bit-bmp__flip_v_gray.bmp,ok,0.010206
6,img_02_convertico-coffee-bean-24-bit-bmp,inversion_vertical_color,/tmp/img_analyzer_qt5_2v2y2c77/input/img_02_convertico-coffee-bean-24-bit-bmp.bmp,/home/parallels/Documents/act/image_analyzer/output/6_threads/img_02_convertico-coffee-bean-24-bit-bmp__flip_v_color.bmp,ok,0.004081
6,img_02_convertico-coffee-bean-24-bit-bmp,inversion_horizontal_grises,/tmp/img_analyzer_qt5_2v2y2c77/input/img_02_convertico-coffee-bean-24-bit-bmp.bmp,/home/parallels/Documents/act/image_analyzer/output/6_threads/img_02_convertico-coffee-bean-24-bit-bmp__flip_h_gray.bmp,ok,0.004227
6,img_02_convertico-coffee-bean-24-bit-bmp,inversion_horizontal_color,/tmp/img_analyzer_qt5_2v2y2c77/input/img_02_convertico-coffee-bean-24-bit-bmp.bmp,/home/parallels/Documents/act/image_analyzer/output/6_threads/img_02_convertico-coffee-bean-24-bit-bmp__flip_h_color.bmp,ok,0.003508
6,img_02_convertico-coffee-bean-24-bit-bmp,desenfoque_grises,/tmp/img_analyzer_qt5_2v2y2c77/input/img_02_convertico-coffee-bean-24-bit-bmp.bmp,/home/parallels/Documents/act/image_analyzer/output/6_threads/img_02_convertico-coffee-bean-24-bit-bmp__blur_gray.bmp,ok,0.047920
6,img_02_convertico-coffee-bean-24-bit-bmp,desenfoque_color,/tmp/img_analyzer_qt5_2v2y2c77/input/img_02_convertico-coffee-bean-24-bit-bmp.bmp,/home/parallels/Documents/act/image_analyzer/output/6_threads/img_02_convertico-coffee-bean-24-bit-bmp__blur_color.bmp,ok,0.040303
6,img_03_sample_1280×853,inversion_vertical_grises,/tmp/img_analyzer_qt5_2v2y2c77/input/img_03_sample_1280×853.bmp,/home/parallels/Documents/act/image_analyzer/output/6_threads/img_03_sample_1280×853__flip_v_gray.bmp,ok,0.001948
6,img_03_sample_1280×853,inversion_vertical_color,/tmp/img_analyzer_qt5_2v2y2c77/input/img_03_sample_1280×853.bmp,/home/parallels/Documents/act/image_analyzer/output/6_threads/img_03_sample_1280×853__flip_v_color.bmp,ok,0.001981
6,img_03_sample_1280×853,inversion_horizontal_grises,/tmp/img_analyzer_qt5_2v2y2c77/input/img_03_sample_1280×853.bmp,/home/parallels/Documents/act/image_analyzer/output/6_threads/img_03_sample_1280×853__flip_h_gray.bmp,ok,0.003494
6,img_03_sample_1280×853,inversion_horizontal_color,/tmp/img_analyzer_qt5_2v2y2c77/input/img_03_sample_1280×853.bmp,/home/parallels/Documents/act/image_analyzer/output/6_threads/img_03_sample_1280×853__flip_h_color.bmp,ok,0.003409
6,img_03_sample_1280×853,desenfoque_grises,/tmp/img_analyzer_qt5_2v2y2c77/input/img_03_sample_1280×853.bmp,/home/parallels/Documents/act/image_analyzer/output/6_threads/img_03_sample_1280×853__blur_gray.bmp,ok,0.028388
6,img_03_sample_1280×853,desenfoque_color,/tmp/img_analyzer_qt5_2v2y2c77/input/img_03_sample_1280×853.bmp,/home/parallels/Documents/act/image_analyzer/output/6_threads/img_03_sample_1280×853__blur_color.bmp,ok,0.028470
6,img_01_convertico-coffee-bean-24-bit-bmp,inversion_vertical_grises,/tmp/img_analyzer_qt5_bzyficuw/input/img_01_convertico-coffee-bean-24-bit-bmp.bmp,/home/parallels/Documents/act/image_analyzer/output/6_threads/img_01_convertico-coffee-bean-24-bit-bmp_vg.bmp,ok,0.004537
6,img_01_convertico-coffee-bean-24-bit-bmp,inversion_vertical_color,/tmp/img_analyzer_qt5_bzyficuw/input/img_01_convertico-coffee-bean-24-bit-bmp.bmp,/home/parallels/Documents/act/image_analyzer/output/6_threads/img_01_convertico-coffee-bean-24-bit-bmp_vc.bmp,ok,0.009724
6,img_01_convertico-coffee-bean-24-bit-bmp,inversion_horizontal_grises,/tmp/img_analyzer_qt5_bzyficuw/input/img_01_convertico-coffee-bean-24-bit-bmp.bmp,/home/parallels/Documents/act/image_analyzer/output/6_threads/img_01_convertico-coffee-bean-24-bit-bmp_hg.bmp,ok,0.003980
6,img_01_convertico-coffee-bean-24-bit-bmp,inversion_horizontal_color,/tmp/img_analyzer_qt5_bzyficuw/input/img_01_convertico-coffee-bean-24-bit-bmp.bmp,/home/parallels/Documents/act/image_analyzer/output/6_threads/img_01_convertico-coffee-bean-24-bit-bmp_hc.bmp,ok,0.003347
6,img_01_convertico-coffee-bean-24-bit-bmp,desenfoque_grises,/tmp/img_analyzer_qt5_bzyficuw/input/img_01_convertico-coffee-bean-24-bit-bmp.bmp,/home/parallels/Documents/act/image_analyzer/output/6_threads/img_01_convertico-coffee-bean-24-bit-bmp_dg.bmp,ok,0.019141
6,img_01_convertico-coffee-bean-24-bit-bmp,desenfoque_color,/tmp/img_analyzer_qt5_bzyficuw/input/img_01_convertico-coffee-bean-24-bit-bmp.bmp,/home/parallels/Documents/act/image_analyzer/output/6_threads/img_01_convertico-coffee-bean-24-bit-bmp_dc.bmp,ok,0.025176
6,img_02_1-bmp-sample-2_(1),inversion_vertical_grises,/tmp/img_analyzer_qt5_bzyficuw/input/img_02_1-bmp-sample-2_(1).bmp,/home/parallels/Documents/act/image_analyzer/output/6_threads/img_02_1-bmp-sample-2_(1)_vg.bmp,ok,0.027427
6,img_02_1-bmp-sample-2_(1),inversion_vertical_color,/tmp/img_analyzer_qt5_bzyficuw/input/img_02_1-bmp-sample-2_(1).bmp,/home/parallels/Documents/act/image_analyzer/output/6_threads/img_02_1-bmp-sample-2_(1)_vc.bmp,ok,0.015380
6,img_02_1-bmp-sample-2_(1),inversion_horizontal_grises,/tmp/img_analyzer_qt5_bzyficuw/input/img_02_1-bmp-sample-2_(1).bmp,/home/parallels/Documents/act/image_analyzer/output/6_threads/img_02_1-bmp-sample-2_(1)_hg.bmp,ok,0.043311
6,img_02_1-bmp-sample-2_(1),inversion_horizontal_color,/tmp/img_analyzer_qt5_bzyficuw/input/img_02_1-bmp-sample-2_(1).bmp,/home/parallels/Documents/act/image_analyzer/output/6_threads/img_02_1-bmp-sample-2_(1)_hc.bmp,ok,0.037772
6,img_02_1-bmp-sample-2_(1),desenfoque_grises,/tmp/img_analyzer_qt5_bzyficuw/input/img_02_1-bmp-sample-2_(1).bmp,/home/parallels/Documents/act/image_analyzer/output/6_threads/img_02_1-bmp-sample-2_(1)_dg.bmp,ok,0.069284
6,img_02_1-bmp-sample-2_(1),desenfoque_color,/tmp/img_analyzer_qt5_bzyficuw/input/img_02_1-bmp-sample-2_(1).bmp,/home/parallels/Documents/act/image_analyzer/output/6_threads/img_02_1-bmp-sample-2_(1)_dc.bmp,ok,0.043779
6,img_03_sample_1280×853,inversion_vertical_grises,/tmp/img_analyzer_qt5_bzyficuw/input/img_03_sample_1280×853.bmp,/home/parallels/Documents/act/image_analyzer/output/6_threads/img_03_sample_1280×853_vg.bmp,ok,0.009488
6,img_03_sample_1280×853,inversion_vertical_color,/tmp/img_analyzer_qt5_bzyficuw/input/img_03_sample_1280×853.bmp,/home/parallels/Documents/act/image_analyzer/output/6_threads/img_03_sample_1280×853_vc.bmp,ok,0.055890
6,img_03_sample_1280×853,inversion_horizontal_grises,/tmp/img_analyzer_qt5_bzyficuw/input/img_03_sample_1280×853.bmp,/home/parallels/Documents/act/image_analyzer/output/6_threads/img_03_sample_1280×853_hg.bmp,ok,0.045029
6,img_03_sample_1280×853,inversion_horizontal_color,/tmp/img_analyzer_qt5_bzyficuw/input/img_03_sample_1280×853.bmp,/home/parallels/Documents/act/image_analyzer/output/6_threads/img_03_sample_1280×853_hc.bmp,ok,0.007197
6,img_03_sample_1280×853,desenfoque_grises,/tmp/img_analyzer_qt5_bzyficuw/input/img_03_sample_1280×853.bmp,/home/parallels/Documents/act/image_analyzer/output/6_threads/img_03_sample_1280×853_dg.bmp,ok,0.010565
6,img_03_sample_1280×853,desenfoque_color,/tmp/img_analyzer_qt5_bzyficuw/input/img_03_sample_1280×853.bmp,/home/parallels/Documents/act/image_analyzer/output/6_threads/img_03_sample_1280×853_dc.bmp,ok,0.010181
6,img_01_1-bmp-sample-2_(1),inversion_vertical_grises,/tmp/img_analyzer_qt5_5fp8oa6b/input/img_01_1-bmp-sample-2_(1).bmp,/home/parallels/Documents/act/image_analyzer/output/6_threads/img_01_1-bmp-sample-2_(1)_vg.bmp,ok,0.015075
6,img_01_1-bmp-sample-2_(1),inversion_vertical_color,/tmp/img_analyzer_qt5_5fp8oa6b/input/img_01_1-bmp-sample-2_(1).bmp,/home/parallels/Documents/act/image_analyzer/output/6_threads/img_01_1-bmp-sample-2_(1)_vc.bmp,ok,0.007326
6,img_01_1-bmp-sample-2_(1),inversion_horizontal_grises,/tmp/img_analyzer_qt5_5fp8oa6b/input/img_01_1-bmp-sample-2_(1).bmp,/home/parallels/Documents/act/image_analyzer/output/6_threads/img_01_1-bmp-sample-2_(1)_hg.bmp,ok,0.007664
6,img_01_1-bmp-sample-2_(1),inversion_horizontal_color,/tmp/img_analyzer_qt5_5fp8oa6b/input/img_01_1-bmp-sample-2_(1).bmp,/home/parallels/Documents/act/image_analyzer/output/6_threads/img_01_1-bmp-sample-2_(1)_hc.bmp,ok,0.006605
6,img_01_1-bmp-sample-2_(1),desenfoque_grises,/tmp/img_analyzer_qt5_5fp8oa6b/input/img_01_1-bmp-sample-2_(1).bmp,/home/parallels/Documents/act/image_analyzer/output/6_threads/img_01_1-bmp-sample-2_(1)_dg.bmp,ok,0.020119
6,img_01_1-bmp-sample-2_(1),desenfoque_color,/tmp/img_analyzer_qt5_5fp8oa6b/input/img_01_1-bmp-sample-2_(1).bmp,/home/parallels/Documents/act/image_analyzer/output/6_threads/img_01_1-bmp-sample-2_(1)_dc.bmp,ok,0.019023
6,img_02_bmp_24,inversion_vertical_grises,/tmp/img_analyzer_qt5_5fp8oa6b/input/img_02_bmp_24.bmp,/home/parallels/Documents/act/image_analyzer/output/6_threads/img_02_bmp_24_vg.bmp,ok,0.000256
6,img_02_bmp_24,inversion_vertical_color,/tmp/img_analyzer_qt5_5fp8oa6b/input/img_02_bmp_24.bmp,/home/parallels/Documents/act/image_analyzer/output/6_threads/img_02_bmp_24_vc.bmp,ok,0.000263
6,img_02_bmp_24,inversion_horizontal_grises,/tmp/img_analyzer_qt5_5fp8oa6b/input/img_02_bmp_24.bmp,/home/parallels/Documents/act/image_analyzer/output/6_threads/img_02_bmp_24_hg.bmp,ok,0.000422
6,img_02_bmp_24,inversion_horizontal_color,/tmp/img_analyzer_qt5_5fp8oa6b/input/img_02_bmp_24.bmp,/home/parallels/Documents/act/image_analyzer/output/6_threads/img_02_bmp_24_hc.bmp,ok,0.000320
6,img_02_bmp_24,desenfoque_grises,/tmp/img_analyzer_qt5_5fp8oa6b/input/img_02_bmp_24.bmp,/home/parallels/Documents/act/image_analyzer/output/6_threads/img_02_bmp_24_dg.bmp,ok,0.000550
6,img_02_bmp_24,desenfoque_color,/tmp/img_analyzer_qt5_5fp8oa6b/input/img_02_bmp_24.bmp,/home/parallels/Documents/act/image_analyzer/output/6_threads/img_02_bmp_24_dc.bmp,ok,0.000485
6,img_03_convertico-coffee-bean-24-bit-bmp,inversion_vertical_grises,/tmp/img_analyzer_qt5_5fp8oa6b/input/img_03_convertico-coffee-bean-24-bit-bmp.bmp,/home/parallels/Documents/act/image_analyzer/output/6_threads/img_03_convertico-coffee-bean-24-bit-bmp_vg.bmp,ok,0.002650
6,img_03_convertico-coffee-bean-24-bit-bmp,inversion_vertical_color,/tmp/img_analyzer_qt5_5fp8oa6b/input/img_03_convertico-coffee-bean-24-bit-bmp.bmp,/home/parallels/Documents/act/image_analyzer/output/6_threads/img_03_convertico-coffee-bean-24-bit-bmp_vc.bmp,ok,0.002421
6,img_03_convertico-coffee-bean-24-bit-bmp,inversion_horizontal_grises,/tmp/img_analyzer_qt5_5fp8oa6b/input/img_03_convertico-coffee-bean-24-bit-bmp.bmp,/home/parallels/Documents/act/image_analyzer/output/6_threads/img_03_convertico-coffee-bean-24-bit-bmp_hg.bmp,ok,0.003267
6,img_03_convertico-coffee-bean-24-bit-bmp,inversion_horizontal_color,/tmp/img_analyzer_qt5_5fp8oa6b/input/img_03_convertico-coffee-bean-24-bit-bmp.bmp,/home/parallels/Documents/act/image_analyzer/output/6_threads/img_03_convertico-coffee-bean-24-bit-bmp_hc.bmp,ok,0.003556
6,img_03_convertico-coffee-bean-24-bit-bmp,desenfoque_grises,/tmp/img_analyzer_qt5_5fp8oa6b/input/img_03_convertico-coffee-bean-24-bit-bmp.bmp,/home/parallels/Documents/act/image_analyzer/output/6_threads/img_03_convertico-coffee-bean-24-bit-bmp_dg.bmp,ok,0.010477
6,img_03_convertico-coffee-bean-24-bit-bmp,desenfoque_color,/tmp/img_analyzer_qt5_5fp8oa6b/input/img_03_convertico-coffee-bean-24-bit-bmp.bmp,/home/parallels/Documents/act/image_analyzer/output/6_threads/img_03_convertico-coffee-bean-24-bit-bmp_dc.bmp,ok,0.008349
6,img_01_1-bmp-sample-2_(1),inversion_horizontal_grises,/tmp/img_analyzer_qt5_1yjrurk9/input/img_01_1-bmp-sample-2_(1).bmp,/home/parallels/Documents/act/image_analyzer/output/6_threads/img_01_1-bmp-sample-2_(1)_hg.bmp,ok,0.008465
6,img_01_1-bmp-sample-2_(1),inversion_horizontal_color,/tmp/img_analyzer_qt5_1yjrurk9/input/img_01_1-bmp-sample-2_(1).bmp,/home/parallels/Documents/act/image_analyzer/output/6_threads/img_01_1-bmp-sample-2_(1)_hc.bmp,ok,0.005561
6,img_02_bmp_24,inversion_horizontal_grises,/tmp/img_analyzer_qt5_1yjrurk9/input/img_02_bmp_24.bmp,/home/parallels/Documents/act/image_analyzer/output/6_threads/img_02_bmp_24_hg.bmp,ok,0.000215
6,img_02_bmp_24,inversion_horizontal_color,/tmp/img_analyzer_qt5_1yjrurk9/input/img_02_bmp_24.bmp,/home/parallels/Documents/act/image_analyzer/output/6_threads/img_02_bmp_24_hc.bmp,ok,0.000149
6,img_03_convertico-coffee-bean-24-bit-bmp,inversion_horizontal_grises,/tmp/img_analyzer_qt5_1yjrurk9/input/img_03_convertico-coffee-bean-24-bit-bmp.bmp,/home/parallels/Documents/act/image_analyzer/output/6_threads/img_03_convertico-coffee-bean-24-bit-bmp_hg.bmp,ok,0.002477
6,img_03_convertico-coffee-bean-24-bit-bmp,inversion_horizontal_color,/tmp/img_analyzer_qt5_1yjrurk9/input/img_03_convertico-coffee-bean-24-bit-bmp.bmp,/home/parallels/Documents/act/image_analyzer/output/6_threads/img_03_convertico-coffee-bean-24-bit-bmp_hc.bmp,ok,0.141310
6,img_01_1-bmp-sample-2_(1),inversion_horizontal_grises,/tmp/img_analyzer_qt5_h0eyhbwg/input/img_01_1-bmp-sample-2_(1).bmp,/home/parallels/Documents/act/image_analyzer/output/6_threads/img_01_1-bmp-sample-2_(1)_hg.bmp,ok,0.016120
6,img_01_1-bmp-sample-2_(1),inversion_horizontal_color,/tmp/img_analyzer_qt5_h0eyhbwg/input/img_01_1-bmp-sample-2_(1).bmp,/home/parallels/Documents/act/image_analyzer/output/6_threads/img_01_1-bmp-sample-2_(1)_hc.bmp,ok,0.013302
6,img_02_bmp_24,inversion_horizontal_grises,/tmp/img_analyzer_qt5_h0eyhbwg/input/img_02_bmp_24.bmp,/home/parallels/Documents/act/image_analyzer/output/6_threads/img_02_bmp_24_hg.bmp,ok,0.000357
6,img_02_bmp_24,inversion_horizontal_color,/tmp/img_analyzer_qt5_h0eyhbwg/input/img_02_bmp_24.bmp,/home/parallels/Documents/act/image_analyzer/output/6_threads/img_02_bmp_24_hc.bmp,ok,0.000214
6,img_03_convertico-coffee-bean-24-bit-bmp,inversion_horizontal_grises,/tmp/img_analyzer_qt5_h0eyhbwg/input/img_03_convertico-coffee-bean-24-bit-bmp.bmp,/home/parallels/Documents/act/image_analyzer/output/6_threads/img_03_convertico-coffee-bean-24-bit-bmp_hg.bmp,ok,0.003826
6,img_03_convertico-coffee-bean-24-bit-bmp,inversion_horizontal_color,/tmp/img_analyzer_qt5_h0eyhbwg/input/img_03_convertico-coffee-bean-24-bit-bmp.bmp,/home/parallels/Documents/act/image_analyzer/output/6_threads/img_03_convertico-coffee-bean-24-bit-bmp_hc.bmp,ok,0.004586
6,img_04_greenland_grid_velo,inversion_horizontal_grises,/tmp/img_analyzer_qt5_h0eyhbwg/input/img_04_greenland_grid_velo.bmp,/home/parallels/Documents/act/image_analyzer/output/6_threads/img_04_greenland_grid_velo_hg.bmp,ok,0.001476
6,img_04_greenland_grid_velo,inversion_horizontal_color,/tmp/img_analyzer_qt5_h0eyhbwg/input/img_04_greenland_grid_velo.bmp,/home/parallels/Documents/act/image_analyzer/output/6_threads/img_04_greenland_grid_velo_hc.bmp,ok,0.001179
6,img_05_snail,inversion_horizontal_grises,/tmp/img_analyzer_qt5_h0eyhbwg/input/img_05_snail.bmp,/home/parallels/Documents/act/image_analyzer/output/6_threads/img_05_snail_hg.bmp,ok,0.000168
6,img_05_snail,inversion_horizontal_color,/tmp/img_analyzer_qt5_h0eyhbwg/input/img_05_snail.bmp,/home/parallels/Documents/act/image_analyzer/output/6_threads/img_05_snail_hc.bmp,ok,0.000131
6,img_06_sample_1280×853,inversion_horizontal_grises,/tmp/img_analyzer_qt5_h0eyhbwg/input/img_06_sample_1280×853.bmp,/home/parallels/Documents/act/image_analyzer/output/6_threads/img_06_sample_1280×853_hg.bmp,ok,0.001218
6,img_06_sample_1280×853,inversion_horizontal_color,/tmp/img_analyzer_qt5_h0eyhbwg/input/img_06_sample_1280×853.bmp,/home/parallels/Documents/act/image_analyzer/output/6_threads/img_06_sample_1280×853_hc.bmp,ok,0.001232
1,convertico-coffee-bean-24-bit-bmp,inversion_horizontal_grises,input/convertico-coffee-bean-24-bit-bmp.bmp,output/1_threads/convertico-coffee-bean-24-bit-bmp_hg.bmp,ok,0.008712
1,convertico-coffee-bean-24-bit-bmp,inversion_vertical_grises,input/convertico-coffee-bean-24-bit-bmp.bmp,output/1_threads/convertico-coffee-bean-24-bit-bmp_vg.bmp,ok,0.005138
1,convertico-coffee-bean-24-bit-bmp,desenfoque_grises,input/convertico-coffee-bean-24-bit-bmp.bmp,output/1_threads/convertico-coffee-bean-24-bit-bmp_dg.bmp,ok,0.012974
1,convertico-coffee-bean-24-bit-bmp,inversion_horizontal_color,input/convertico-coffee-bean-24-bit-bmp.bmp,output/1_threads/convertico-coffee-bean-24-bit-bmp_hc.bmp,ok,0.002237
1,convertico-coffee-bean-24-bit-bmp,inversion_vertical_color,input/convertico-coffee-bean-24-bit-bmp.bmp,output/1_threads/convertico-coffee-bean-24-bit-bmp_vc.bmp,ok,0.002371
1,convertico-coffee-bean-24-bit-bmp,desenfoque_color,input/convertico-coffee-bean-24-bit-bmp.bmp,output/1_threads/convertico-coffee-bean-24-bit-bmp_dc.bmp,ok,0.013087
1,sample_1280×853,inversion_horizontal_grises,input/sample_1280×853.bmp,output/1_threads/sample_1280×853_hg.bmp,ok,0.002193
1,sample_1280×853,inversion_vertical_grises,input/sample_1280×853.bmp,output/1_threads/sample_1280×853_vg.bmp,ok,0.001806
1,sample_1280×853,desenfoque_grises,input/sample_1280×853.bmp,output/1_threads/sample_1280×853_dg.bmp,ok,0.009076
1,sample_1280×853,inversion_horizontal_color,input/sample_1280×853.bmp,output/1_threads/sample_1280×853_hc.bmp,ok,0.001673
1,sample_1280×853,inversion_vertical_color,input/sample_1280×853.bmp,output/1_threads/sample_1280×853_vc.bmp,ok,0.001711
1,sample_1280×853,desenfoque_color,input/sample_1280×853.bmp,output/1_threads/sample_1280×853_dc.bmp,ok,0.009600
1,blue-bmp-32-bit,inversion_horizontal_grises,input/blue-bmp-32-bit.bmp,output/1_threads/blue-bmp-32-bit_hg.bmp,ok,0.000358
1,blue-bmp-32-bit,inversion_vertical_grises,input/blue-bmp-32-bit.bmp,output/1_threads/blue-bmp-32-bit_vg.bmp,ok,0.000455
1,blue-bmp-32-bit,desenfoque_grises,input/blue-bmp-32-bit.bmp,output/1_threads/blue-bmp-32-bit_dg.bmp,ok,0.002207
1,blue-bmp-32-bit,inversion_horizontal_color,input/blue-bmp-32-bit.bmp,output/1_threads/blue-bmp-32-bit_hc.bmp,ok,0.000427
1,blue-bmp-32-bit,inversion_vertical_color,input/blue-bmp-32-bit.bmp,output/1_threads/blue-bmp-32-bit_vc.bmp,ok,0.000457
1,blue-bmp-32-bit,desenfoque_color,input/blue-bmp-32-bit.bmp,output/1_threads/blue-bmp-32-bit_dc.bmp,ok,0.002185
1,convertico-coffee-bean-24-bit-bmp,inversion_horizontal_grises,input/convertico-coffee-bean-24-bit-bmp.bmp,output/1_threads/convertico-coffee-bean-24-bit-bmp_hg.bmp,ok,0.004682
1,convertico-coffee-bean-24-bit-bmp,inversion_vertical_grises,input/convertico-coffee-bean-24-bit-bmp.bmp,output/1_threads/convertico-coffee-bean-24-bit-bmp_vg.bmp,ok,0.003971
1,convertico-coffee-bean-24-bit-bmp,desenfoque_grises,input/convertico-coffee-bean-24-bit-bmp.bmp,output/1_threads/convertico-coffee-bean-24-bit-bmp_dg.bmp,ok,0.014894
1,convertico-coffee-bean-24-bit-bmp,inversion_horizontal_color,input/convertico-coffee-bean-24-bit-bmp.bmp,output/1_threads/convertico-coffee-bean-24-bit-bmp_hc.bmp,ok,0.004909
1,convertico-coffee-bean-24-bit-bmp,inversion_vertical_color,input/convertico-coffee-bean-24-bit-bmp.bmp,output/1_threads/convertico-coffee-bean-24-bit-bmp_vc.bmp,ok,0.004568
1,convertico-coffee-bean-24-bit-bmp,desenfoque_color,input/convertico-coffee-bean-24-bit-bmp.bmp,output/1_threads/convertico-coffee-bean-24-bit-bmp_dc.bmp,ok,0.015255
1,sample_1280×853,inversion_horizontal_grises,input/sample_1280×853.bmp,output/1_threads/sample_1280×853_hg.bmp,ok,0.002745
1,sample_1280×853,inversion_vertical_grises,input/sample_1280×853.bmp,output/1_threads/sample_1280×853_vg.bmp,ok,0.002586
1,sample_1280×853,desenfoque_grises,input/sample_1280×853.bmp,output/1_threads/sample_1280×853_dg.bmp,ok,0.010693
1,sample_1280×853,inversion_horizontal_color,input/sample_1280×853.bmp,output/1_threads/sample_1280×853_hc.bmp,ok,0.002636
1,sample_1280×853,inversion_vertical_color,input/sample_1280×853.bmp,output/1_threads/sample_1280×853_vc.bmp,ok,0.002431
1,sample_1280×853,desenfoque_color,input/sample_1280×853.bmp,output/1_threads/sample_1280×853_dc.bmp,ok,0.011591
6,img_01_1-bmp-sample-2_(1),inversion_horizontal_grises,/tmp/img_analyzer_qt5_bupuz8u3/input/img_01_1-bmp-sample-2_(1).bmp,/home/parallels/Documents/act/image_analyzer/output/6_threads/img_01_1-bmp-sample-2_(1)_hg.bmp,ok,0.006240
6,img_01_1-bmp-sample-2_(1),inversion_horizontal_color,/tmp/img_analyzer_qt5_bupuz8u3/input/img_01_1-bmp-sample-2_(1).bmp,/home/parallels/Documents/act/image_analyzer/output/6_threads/img_01_1-bmp-sample-2_(1)_hc.bmp,ok,0.006264
6,img_02_blue-bmp-32-bit,inversion_horizontal_grises,/tmp/img_analyzer_qt5_bupuz8u3/input/img_02_blue-bmp-32-bit.bmp,/home/parallels/Documents/act/image_analyzer/output/6_threads/img_02_blue-bmp-32-bit_hg.bmp,ok,0.001833
6,img_02_blue-bmp-32-bit,inversion_horizontal_color,/tmp/img_analyzer_qt5_bupuz8u3/input/img_02_blue-bmp-32-bit.bmp,/home/parallels/Documents/act/image_analyzer/output/6_threads/img_02_blue-bmp-32-bit_hc.bmp,ok,0.001168
6,img_03_bmp_24,inversion_horizontal_grises,/tmp/img_analyzer_qt5_bupuz8u3/input/img_03_bmp_24.bmp,/home/parallels/Documents/act/image_analyzer/output/6_threads/img_03_bmp_24_hg.bmp,ok,0.000218
6,img_03_bmp_24,inversion_horizontal_color,/tmp/img_analyzer_qt5_bupuz8u3/input/img_03_bmp_24.bmp,/home/parallels/Documents/act/image_analyzer/output/6_threads/img_03_bmp_24_hc.bmp,ok,0.000257
6,img_04_convertico-coffee-bean-24-bit-bmp,inversion_horizontal_grises,/tmp/img_analyzer_qt5_bupuz8u3/input/img_04_convertico-coffee-bean-24-bit-bmp.bmp,/home/parallels/Documents/act/image_analyzer/output/6_threads/img_04_convertico-coffee-bean-24-bit-bmp_hg.bmp,ok,0.003009
6,img_04_convertico-coffee-bean-24-bit-bmp,inversion_horizontal_color,/tmp/img_analyzer_qt5_bupuz8u3/input/img_04_convertico-coffee-bean-24-bit-bmp.bmp,/home/parallels/Documents/act/image_analyzer/output/6_threads/img_04_convertico-coffee-bean-24-bit-bmp_hc.bmp,ok,0.005430
6,img_05_greenland_grid_velo,inversion_horizontal_grises,/tmp/img_analyzer_qt5_bupuz8u3/input/img_05_greenland_grid_velo.bmp,/home/parallels/Documents/act/image_analyzer/output/6_threads/img_05_greenland_grid_velo_hg.bmp,ok,0.002501
6,img_05_greenland_grid_velo,inversion_horizontal_color,/tmp/img_analyzer_qt5_bupuz8u3/input/img_05_greenland_grid_velo.bmp,/home/parallels/Documents/act/image_analyzer/output/6_threads/img_05_greenland_grid_velo_hc.bmp,ok,0.001400
6,img_06_sample_1280×853,inversion_horizontal_grises,/tmp/img_analyzer_qt5_bupuz8u3/input/img_06_sample_1280×853.bmp,/home/parallels/Documents/act/image_analyzer/output/6_threads/img_06_sample_1280×853_hg.bmp,ok,0.002114
6,img_06_sample_1280×853,inversion_horizontal_color,/tmp/img_analyzer_qt5_bupuz8u3/input/img_06_sample_1280×853.bmp,/home/parallels/Documents/act/image_analyzer/output/6_threads/img_06_sample_1280×853_hc.bmp,ok,0.002019
6,img_07_snail,inversion_horizontal_grises,/tmp/img_analyzer_qt5_bupuz8u3/input/img_07_snail.bmp,/home/parallels/Documents/act/image_analyzer/output/6_threads/img_07_snail_hg.bmp,ok,0.000209
6,img_07_snail,inversion_horizontal_color,/tmp/img_analyzer_qt5_bupuz8u3/input/img_07_snail.bmp,/home/parallels/Documents/act/image_analyzer/output/6_threads/img_07_snail_hc.bmp,ok,0.000284
6,img_01_1-bmp-sample-2_(1),inversion_horizontal_grises,/tmp/img_analyzer_qt5_0lonml9g/input/img_01_1-bmp-sample-2_(1).bmp,/home/parallels/Documents/act/image_analyzer/output/6_threads/img_01_1-bmp-sample-2_(1)_hg.bmp,ok,0.005054
6,img_01_1-bmp-sample-2_(1),inversion_horizontal_color,/tmp/img_analyzer_qt5_0lonml9g/input/img_01_1-bmp-sample-2_(1).bmp,/home/parallels/Documents/act/image_analyzer/output/6_threads/img_01_1-bmp-sample-2_(1)_hc.bmp,ok,0.006239
6,img_02_blue-bmp-32-bit,inversion_horizontal_grises,/tmp/img_analyzer_qt5_0lonml9g/input/img_02_blue-bmp-32-bit.bmp,/home/parallels/Documents/act/image_analyzer/output/6_threads/img_02_blue-bmp-32-bit_hg.bmp,ok,0.000467
6,img_02_blue-bmp-32-bit,inversion_horizontal_color,/tmp/img_analyzer_qt5_0lonml9g/input/img_02_blue-bmp-32-bit.bmp,/home/parallels/Documents/act/image_analyzer/output/6_threads/img_02_blue-bmp-32-bit_hc.bmp,ok,0.000384
6,img_03_bmp_24,inversion_horizontal_grises,/tmp/img_analyzer_qt5_0lonml9g/input/img_03_bmp_24.bmp,/home/parallels/Documents/act/image_analyzer/output/6_threads/img_03_bmp_24_hg.bmp,ok,0.000112
6,img_03_bmp_24,inversion_horizontal_color,/tmp/img_analyzer_qt5_0lonml9g/input/img_03_bmp_24.bmp,/home/parallels/Documents/act/image_analyzer/output/6_threads/img_03_bmp_24_hc.bmp,ok,0.000137
6,img_04_convertico-coffee-bean-24-bit-bmp,inversion_horizontal_grises,/tmp/img_analyzer_qt5_0lonml9g/input/img_04_convertico-coffee-bean-24-bit-bmp.bmp,/home/parallels/Documents/act/image_analyzer/output/6_threads/img_04_convertico-coffee-bean-24-bit-bmp_hg.bmp,ok,0.001736
6,img_04_convertico-coffee-bean-24-bit-bmp,inversion_horizontal_color,/tmp/img_analyzer_qt5_0lonml9g/input/img_04_convertico-coffee-bean-24-bit-bmp.bmp,/home/parallels/Documents/act/image_analyzer/output/6_threads/img_04_convertico-coffee-bean-24-bit-bmp_hc.bmp,ok,0.001798
6,img_05_greenland_grid_velo,inversion_horizontal_grises,/tmp/img_analyzer_qt5_0lonml9g/input/img_05_greenland_grid_velo.bmp,/home/parallels/Documents/act/image_analyzer/output/6_threads/img_05_greenland_grid_velo_hg.bmp,ok,0.001169
6,img_05_greenland_grid_velo,inversion_horizontal_color,/tmp/img_analyzer_qt5_0lonml9g/input/img_05_greenland_grid_velo.bmp,/home/parallels/Documents/act/image_analyzer/output/6_threads/img_05_greenland_grid_velo_hc.bmp,ok,0.001119
6,img_06_sample_1280×853,inversion_horizontal_grises,/tmp/img_analyzer_qt5_0lonml9g/input/img_06_sample_1280×853.bmp,/home/parallels/Documents/act/image_analyzer/output/6_threads/img_06_sample_1280×853_hg.bmp,ok,0.001583
6,img_06_sample_1280×853,inversion_horizontal_color,/tmp/img_analyzer_qt5_0lonml9g/input/img_06_sample_1280×853.bmp,/home/parallels/Documents/act/image_analyzer/output/6_threads/img_06_sample_1280×853_hc.bmp,ok,0.001456
6,img_07_snail,inversion_horizontal_grises,/tmp/img_analyzer_qt5_0lonml9g/input/img_07_snail.bmp,/home/parallels/Documents/act/image_analyzer/output/6_threads/img_07_snail_hg.bmp,ok,0.000215
6,img_07_snail,inversion_horizontal_color,/tmp/img_analyzer_qt5_0lonml9g/input/img_07_snail.bmp,/home/parallels/Documents/act/image_analyzer/output/6_threads/img_07_snail_hc.bmp,ok,0.000195
6,img_01_1-bmp-sample-2_(1),inversion_horizontal_grises,/tmp/img_analyzer_qt5_nl0wm_1s/input/img_01_1-bmp-sample-2_(1).bmp,/home/parallels/Documents/act/image_analyzer/output/6_threads/img_01_1-bmp-sample-2_(1)_hg.bmp,ok,0.017877
6,img_01_1-bmp-sample-2_(1),inversion_horizontal_color,/tmp/img_analyzer_qt5_nl0wm_1s/input/img_01_1-bmp-sample-2_(1).bmp,/home/parallels/Documents/act/image_analyzer/output/6_threads/img_01_1-bmp-sample-2_(1)_hc.bmp,ok,0.009251
6,img_02_blue-bmp-32-bit,inversion_horizontal_grises,/tmp/img_analyzer_qt5_nl0wm_1s/input/img_02_blue-bmp-32-bit.bmp,/home/parallels/Documents/act/image_analyzer/output/6_threads/img_02_blue-bmp-32-bit_hg.bmp,ok,0.000885
6,img_02_blue-bmp-32-bit,inversion_horizontal_color,/tmp/img_analyzer_qt5_nl0wm_1s/input/img_02_blue-bmp-32-bit.bmp,/home/parallels/Documents/act/image_analyzer/output/6_threads/img_02_blue-bmp-32-bit_hc.bmp,ok,0.000594
6,img_03_bmp_24,inversion_horizontal_grises,/tmp/img_analyzer_qt5_nl0wm_1s/input/img_03_bmp_24.bmp,/home/parallels/Documents/act/image_analyzer/output/6_threads/img_03_bmp_24_hg.bmp,ok,0.000326
6,img_03_bmp_24,inversion_horizontal_color,/tmp/img_analyzer_qt5_nl0wm_1s/input/img_03_bmp_24.bmp,/home/parallels/Documents/act/image_analyzer/output/6_threads/img_03_bmp_24_hc.bmp,ok,0.000256
6,img_04_convertico-coffee-bean-24-bit-bmp,inversion_horizontal_grises,/tmp/img_analyzer_qt5_nl0wm_1s/input/img_04_convertico-coffee-bean-24-bit-bmp.bmp,/home/parallels/Documents/act/image_analyzer/output/6_threads/img_04_convertico-coffee-bean-24-bit-bmp_hg.bmp,ok,0.002952
6,img_04_convertico-coffee-bean-24-bit-bmp,inversion_horizontal_color,/tmp/img_analyzer_qt5_nl0wm_1s/input/img_04_convertico-coffee-bean-24-bit-bmp.bmp,/home/parallels/Documents/act/image_analyzer/output/6_threads/img_04_convertico-coffee-bean-24-bit-bmp_hc.bmp,ok,0.003757
6,img_05_greenland_grid_velo,inversion_horizontal_grises,/tmp/img_analyzer_qt5_nl0wm_1s/input/img_05_greenland_grid_velo.bmp,/home/parallels/Documents/act/image_analyzer/output/6_threads/img_05_greenland_grid_velo_hg.bmp,ok,0.002326
6,img_05_greenland_grid_velo,inversion_horizontal_color,/tmp/img_analyzer_qt5_nl0wm_1s/input/img_05_greenland_grid_velo.bmp,/home/parallels/Documents/act/image_analyzer/output/6_threads/img_05_greenland_grid_velo_hc.bmp,ok,0.002688
6,img_06_sample_1280×853,inversion_horizontal_grises,/tmp/img_analyzer_qt5_nl0wm_1s/input/img_06_sample_1280×853.bmp,/home/parallels/Documents/act/image_analyzer/output/6_threads/img_06_sample_1280×853_hg.bmp,ok,0.004098
6,img_06_sample_1280×853,inversion_horizontal_color,/tmp/img_analyzer_qt5_nl0wm_1s/input/img_06_sample_1280×853.bmp,/home/parallels/Documents/act/image_analyzer/output/6_threads/img_06_sample_1280×853_hc.bmp,ok,0.002871
6,img_07_snail,inversion_horizontal_grises,/tmp/img_analyzer_qt5_nl0wm_1s/input/img_07_snail.bmp,/home/parallels/Documents/act/image_analyzer/output/6_threads/img_07_snail_hg.bmp,ok,0.000305
6,img_07_snail,inversion_horizontal_color,/tmp/img_analyzer_qt5_nl0wm_1s/input/img_07_snail.bmp,/home/parallels/Documents/act/image_analyzer/output/6_threads/img_07_snail_hc.bmp,ok,0.000232
6,1-bmp-sample-2 (1),inversion_horizontal_grises,/media/psf/MakrebSSD/1-bmp-sample-2 (1).bmp,/home/parallels/Documents/act/image_analyzer/output/6_threads/1-bmp-sample-2 (1)_hg.bmp,ok,0.031171
6,1-bmp-sample-2 (1),inversion_horizontal_color,/media/psf/MakrebSSD/1-bmp-sample-2 (1).bmp,/home/parallels/Documents/act/image_analyzer/output/6_threads/1-bmp-sample-2 (1)_hc.bmp,ok,0.023427
6,blue-bmp-32-bit,inversion_horizontal_grises,/media/psf/MakrebSSD/blue-bmp-32-bit.bmp,/home/parallels/Documents/act/image_analyzer/output/6_threads/blue-bmp-32-bit_hg.bmp,ok,0.001698
6,blue-bmp-32-bit,inversion_horizontal_color,/media/psf/MakrebSSD/blue-bmp-32-bit.bmp,/home/parallels/Documents/act/image_analyzer/output/6_threads/blue-bmp-32-bit_hc.bmp,ok,0.004987
6,bmp_24,inversion_horizontal_grises,/media/psf/MakrebSSD/bmp_24.bmp,/home/parallels/Documents/act/image_analyzer/output/6_threads/bmp_24_hg.bmp,ok,0.000920
6,bmp_24,inversion_horizontal_color,/media/psf/MakrebSSD/bmp_24.bmp,/home/parallels/Documents/act/image_analyzer/output/6_threads/bmp_24_hc.bmp,ok,0.000334
6,convertico-coffee-bean-24-bit-bmp,inversion_horizontal_grises,/media/psf/MakrebSSD/convertico-coffee-bean-24-bit-bmp.bmp,/home/parallels/Documents/act/image_analyzer/output/6_threads/convertico-coffee-bean-24-bit-bmp_hg.bmp,ok,0.006293
6,convertico-coffee-bean-24-bit-bmp,inversion_horizontal_color,/media/psf/MakrebSSD/convertico-coffee-bean-24-bit-bmp.bmp,/home/parallels/Documents/act/image_analyzer/output/6_threads/convertico-coffee-bean-24-bit-bmp_hc.bmp,ok,0.008927
6,greenland_grid_velo,inversion_horizontal_grises,/media/psf/MakrebSSD/greenland_grid_velo.bmp,/home/parallels/Documents/act/image_analyzer/output/6_threads/greenland_grid_velo_hg.bmp,ok,0.005528
6,greenland_grid_velo,inversion_horizontal_color,/media/psf/MakrebSSD/greenland_grid_velo.bmp,/home/parallels/Documents/act/image_analyzer/output/6_threads/greenland_grid_velo_hc.bmp,ok,0.008978
6,sample_1280×853,inversion_horizontal_grises,/media/psf/MakrebSSD/sample_1280×853.bmp,/home/parallels/Documents/act/image_analyzer/output/6_threads/sample_1280×853_hg.bmp,ok,0.009953
6,sample_1280×853,inversion_horizontal_color,/media/psf/MakrebSSD/sample_1280×853.bmp,/home/parallels/Documents/act/image_analyzer/output/6_threads/sample_1280×853_hc.bmp,ok,0.011133
6,snail,inversion_horizontal_grises,/media/psf/MakrebSSD/snail.bmp,/home/parallels/Documents/act/image_analyzer/output/6_threads/snail_hg.bmp,ok,0.000749
6,snail,inversion_horizontal_color,/media/psf/MakrebSSD/snail.bmp,/home/parallels/Documents/act/image_analyzer/output/6_threads/snail_hc.bmp,ok,0.000707
2,barbara_gray,inversion_horizontal_grises,/tmp/tmp.gRneJQU2cL/barbara_gray.bmp,/home/parallels/Documents/act/image_analyzer/output/2_threads/barbara_gray_hg.bmp,ok,0.001424
6,1-bmp-sample-2 (1),inversion_horizontal_grises,/tmp/tmp.1pxXQAuWEX/1-bmp-sample-2 (1).bmp,/home/parallels/Documents/act/image_analyzer/output/6_threads/1-bmp-sample-2 (1)_hg.bmp,ok,0.051717
6,1-bmp-sample-2 (1),inversion_horizontal_color,/tmp/tmp.1pxXQAuWEX/1-bmp-sample-2 (1).bmp,/home/parallels/Documents/act/image_analyzer/output/6_threads/1-bmp-sample-2 (1)_hc.bmp,ok,0.039262
6,barbara_gray,inversion_horizontal_grises,/tmp/tmp.1pxXQAuWEX/barbara_gray.bmp,/home/parallels/Documents/act/image_analyzer/output/6_threads/barbara_gray_hg.bmp,ok,0.005572
6,barbara_gray,inversion_horizontal_color,/tmp/tmp.1pxXQAuWEX/barbara_gray.bmp,/home/parallels/Documents/act/image_analyzer/output/6_threads/barbara_gray_hc.bmp,ok,0.002327
6,blue-bmp-32-bit,inversion_horizontal_grises,/tmp/tmp.1pxXQAuWEX/blue-bmp-32-bit.bmp,/home/parallels/Documents/act/image_analyzer/output/6_threads/blue-bmp-32-bit_hg.bmp,ok,0.003113
6,blue-bmp-32-bit,inversion_horizontal_color,/tmp/tmp.1pxXQAuWEX/blue-bmp-32-bit.bmp,/home/parallels/Documents/act/image_analyzer/output/6_threads/blue-bmp-32-bit_hc.bmp,ok,0.009561
6,bmp_24,inversion_horizontal_grises,/tmp/tmp.1pxXQAuWEX/bmp_24.bmp,/home/parallels/Documents/act/image_analyzer/output/6_threads/bmp_24_hg.bmp,ok,0.005949
6,bmp_24,inversion_horizontal_color,/tmp/tmp.1pxXQAuWEX/bmp_24.bmp,/home/parallels/Documents/act/image_analyzer/output/6_threads/bmp_24_hc.bmp,ok,0.002180
6,convertico-coffee-bean-24-bit-bmp,inversion_horizontal_grises,/tmp/tmp.1pxXQAuWEX/convertico-coffee-bean-24-bit-bmp.bmp,/home/parallels/Documents/act/image_analyzer/output/6_threads/convertico-coffee-bean-24-bit-bmp_hg.bmp,ok,0.009331
6,convertico-coffee-bean-24-bit-bmp,inversion_horizontal_color,/tmp/tmp.1pxXQAuWEX/convertico-coffee-bean-24-bit-bmp.bmp,/home/parallels/Documents/act/image_analyzer/output/6_threads/convertico-coffee-bean-24-bit-bmp_hc.bmp,ok,0.014812
6,dots,inversion_horizontal_grises,/tmp/tmp.1pxXQAuWEX/dots.bmp,/home/parallels/Documents/act/image_analyzer/output/6_threads/dots_hg.bmp,ok,0.003923
6,dots,inversion_horizontal_color,/tmp/tmp.1pxXQAuWEX/dots.bmp,/home/parallels/Documents/act/image_analyzer/output/6_threads/dots_hc.bmp,ok,0.001839
6,greenland_grid_velo,inversion_horizontal_grises,/tmp/tmp.1pxXQAuWEX/greenland_grid_velo.bmp,/home/parallels/Documents/act/image_analyzer/output/6_threads/greenland_grid_velo_hg.bmp,ok,0.007761
6,greenland_grid_velo,inversion_horizontal_color,/tmp/tmp.1pxXQAuWEX/greenland_grid_velo.bmp,/home/parallels/Documents/act/image_analyzer/output/6_threads/greenland_grid_velo_hc.bmp,ok,0.004766
6,lena,inversion_horizontal_grises,/tmp/tmp.1pxXQAuWEX/lena.bmp,/home/parallels/Documents/act/image_analyzer/output/6_threads/lena_hg.bmp,ok,0.000696
6,lena,inversion_horizontal_color,/tmp/tmp.1pxXQAuWEX/lena.bmp,/home/parallels/Documents/act/image_analyzer/output/6_threads/lena_hc.bmp,ok,0.001698
6,sample_1280×853,inversion_horizontal_grises,/tmp/tmp.1pxXQAuWEX/sample_1280×853.bmp,/home/parallels/Documents/act/image_analyzer/output/6_threads/sample_1280×853_hg.bmp,ok,0.005745
6,sample_1280×853,inversion_horizontal_color,/tmp/tmp.1pxXQAuWEX/sample_1280×853.bmp,/home/parallels/Documents/act/image_analyzer/output/6_threads/sample_1280×853_hc.bmp,ok,0.007003
6,snail,inversion_horizontal_grises,/tmp/tmp.1pxXQAuWEX/snail.bmp,/home/parallels/Documents/act/image_analyzer/output/6_threads/snail_hg.bmp,ok,0.001498
6,snail,inversion_horizontal_color,/tmp/tmp.1pxXQAuWEX/snail.bmp,/home/parallels/Documents/act/image_analyzer/output/6_threads/snail_hc.bmp,ok,0.001359
6,1-bmp-sample-2 (1),inversion_horizontal_grises,/media/psf/MakrebSSD/1-bmp-sample-2 (1).bmp,/home/parallels/Documents/act/image_analyzer/output/6_threads/1-bmp-sample-2 (1)_hg.bmp,ok,0.038448
6,1-bmp-sample-2 (1),inversion_horizontal_color,/media/psf/MakrebSSD/1-bmp-sample-2 (1).bmp,/home/parallels/Documents/act/image_analyzer/output/6_threads/1-bmp-sample-2 (1)_hc.bmp,ok,0.031851
6,barbara_gray,inversion_horizontal_grises,/media/psf/MakrebSSD/barbara_gray.bmp,/home/parallels/Documents/act/image_analyzer/output/6_threads/barbara_gray_hg.bmp,ok,0.003894
6,barbara_gray,inversion_horizontal_color,/media/psf/MakrebSSD/barbara_gray.bmp,/home/parallels/Documents/act/image_analyzer/output/6_threads/barbara_gray_hc.bmp,ok,0.004549
6,blue-bmp-32-bit,inversion_horizontal_grises,/media/psf/MakrebSSD/blue-bmp-32-bit.bmp,/home/parallels/Documents/act/image_analyzer/output/6_threads/blue-bmp-32-bit_hg.bmp,ok,0.003397
6,blue-bmp-32-bit,inversion_horizontal_color,/media/psf/MakrebSSD/blue-bmp-32-bit.bmp,/home/parallels/Documents/act/image_analyzer/output/6_threads/blue-bmp-32-bit_hc.bmp,ok,0.004444
6,bmp_24,inversion_horizontal_grises,/media/psf/MakrebSSD/bmp_24.bmp,/home/parallels/Documents/act/image_analyzer/output/6_threads/bmp_24_hg.bmp,ok,0.000520
6,bmp_24,inversion_horizontal_color,/media/psf/MakrebSSD/bmp_24.bmp,/home/parallels/Documents/act/image_analyzer/output/6_threads/bmp_24_hc.bmp,ok,0.000604
6,convertico-coffee-bean-24-bit-bmp,inversion_horizontal_grises,/media/psf/MakrebSSD/convertico-coffee-bean-24-bit-bmp.bmp,/home/parallels/Documents/act/image_analyzer/output/6_threads/convertico-coffee-bean-24-bit-bmp_hg.bmp,ok,0.012471
6,convertico-coffee-bean-24-bit-bmp,inversion_horizontal_color,/media/psf/MakrebSSD/convertico-coffee-bean-24-bit-bmp.bmp,/home/parallels/Documents/act/image_analyzer/output/6_threads/convertico-coffee-bean-24-bit-bmp_hc.bmp,ok,0.016560
6,dots,inversion_horizontal_grises,/media/psf/MakrebSSD/dots.bmp,/home/parallels/Documents/act/image_analyzer/output/6_threads/dots_hg.bmp,ok,0.003266
6,dots,inversion_horizontal_color,/media/psf/MakrebSSD/dots.bmp,/home/parallels/Documents/act/image_analyzer/output/6_threads/dots_hc.bmp,ok,0.001454
6,greenland_grid_velo,inversion_horizontal_grises,/media/psf/MakrebSSD/greenland_grid_velo.bmp,/home/parallels/Documents/act/image_analyzer/output/6_threads/greenland_grid_velo_hg.bmp,ok,0.008258
6,greenland_grid_velo,inversion_horizontal_color,/media/psf/MakrebSSD/greenland_grid_velo.bmp,/home/parallels/Documents/act/image_analyzer/output/6_threads/greenland_grid_velo_hc.bmp,ok,0.007625
6,lena,inversion_horizontal_grises,/media/psf/MakrebSSD/lena.bmp,/home/parallels/Documents/act/image_analyzer/output/6_threads/lena_hg.bmp,ok,0.001678
6,lena,inversion_horizontal_color,/media/psf/MakrebSSD/lena.bmp,/home/parallels/Documents/act/image_analyzer/output/6_threads/lena_hc.bmp,ok,0.002019
6,sample_1280×853,inversion_horizontal_grises,/media/psf/MakrebSSD/sample_1280×853.bmp,/home/parallels/Documents/act/image_analyzer/output/6_threads/sample_1280×853_hg.bmp,ok,0.009053
6,sample_1280×853,inversion_horizontal_color,/media/psf/MakrebSSD/sample_1280×853.bmp,/home/parallels/Documents/act/image_analyzer/output/6_threads/sample_1280×853_hc.bmp,ok,0.013434
6,snail,inversion_horizontal_grises,/media/psf/MakrebSSD/snail.bmp,/home/parallels/Documents/act/image_analyzer/output/6_threads/snail_hg.bmp,ok,0.001841
6,snail,inversion_horizontal_color,/media/psf/MakrebSSD/snail.bmp,/home/parallels/Documents/act/image_analyzer/output/6_threads/snail_hc.bmp,ok,0.001156
6,img_01_1-bmp-sample-2_(1),inversion_vertical_grises,/tmp/img_analyzer_qt5_nnan8uu5/input/img_01_1-bmp-sample-2_(1).bmp,/home/parallels/Documents/act/image_analyzer/output/6_threads/img_01_1-bmp-sample-2_(1)_vg.bmp,ok,0.011079
6,img_01_1-bmp-sample-2_(1),inversion_vertical_color,/tmp/img_analyzer_qt5_nnan8uu5/input/img_01_1-bmp-sample-2_(1).bmp,/home/parallels/Documents/act/image_analyzer/output/6_threads/img_01_1-bmp-sample-2_(1)_vc.bmp,ok,0.006789
6,img_01_1-bmp-sample-2_(1),inversion_horizontal_grises,/tmp/img_analyzer_qt5_nnan8uu5/input/img_01_1-bmp-sample-2_(1).bmp,/home/parallels/Documents/act/image_analyzer/output/6_threads/img_01_1-bmp-sample-2_(1)_hg.bmp,ok,0.010207
6,img_01_1-bmp-sample-2_(1),inversion_horizontal_color,/tmp/img_analyzer_qt5_nnan8uu5/input/img_01_1-bmp-sample-2_(1).bmp,/home/parallels/Documents/act/image_analyzer/output/6_threads/img_01_1-bmp-sample-2_(1)_hc.bmp,ok,0.013599
6,img_01_1-bmp-sample-2_(1),desenfoque_grises,/tmp/img_analyzer_qt5_nnan8uu5/input/img_01_1-bmp-sample-2_(1).bmp,/home/parallels/Documents/act/image_analyzer/output/6_threads/img_01_1-bmp-sample-2_(1)_dg.bmp,ok,0.018361
6,img_01_1-bmp-sample-2_(1),desenfoque_color,/tmp/img_analyzer_qt5_nnan8uu5/input/img_01_1-bmp-sample-2_(1).bmp,/home/parallels/Documents/act/image_analyzer/output/6_threads/img_01_1-bmp-sample-2_(1)_dc.bmp,ok,0.019169
6,img_02_barbara_gray,inversion_vertical_grises,/tmp/img_analyzer_qt5_nnan8uu5/input/img_02_barbara_gray.bmp,/home/parallels/Documents/act/image_analyzer/output/6_threads/img_02_barbara_gray_vg.bmp,ok,0.000848
6,img_02_barbara_gray,inversion_vertical_color,/tmp/img_analyzer_qt5_nnan8uu5/input/img_02_barbara_gray.bmp,/home/parallels/Documents/act/image_analyzer/output/6_threads/img_02_barbara_gray_vc.bmp,ok,0.000793
6,img_02_barbara_gray,inversion_horizontal_grises,/tmp/img_analyzer_qt5_nnan8uu5/input/img_02_barbara_gray.bmp,/home/parallels/Documents/act/image_analyzer/output/6_threads/img_02_barbara_gray_hg.bmp,ok,0.001146
6,img_02_barbara_gray,inversion_horizontal_color,/tmp/img_analyzer_qt5_nnan8uu5/input/img_02_barbara_gray.bmp,/home/parallels/Documents/act/image_analyzer/output/6_threads/img_02_barbara_gray_hc.bmp,ok,0.000659
6,img_02_barbara_gray,desenfoque_grises,/tmp/img_analyzer_qt5_nnan8uu5/input/img_02_barbara_gray.bmp,/home/parallels/Documents/act/image_analyzer/output/6_threads/img_02_barbara_gray_dg.bmp,ok,0.004191
6,img_02_barbara_gray,desenfoque_color,/tmp/img_analyzer_qt5_nnan8uu5/input/img_02_barbara_gray.bmp,/home/parallels/Documents/act/image_analyzer/output/6_threads/img_02_barbara_gray_dc.bmp,ok,0.003722
6,img_03_blue-bmp-32-bit,inversion_vertical_grises,/tmp/img_analyzer_qt5_nnan8uu5/input/img_03_blue-bmp-32-bit.bmp,/home/parallels/Documents/act/image_analyzer/output/6_threads/img_03_blue-bmp-32-bit_vg.bmp,ok,0.000824
6,img_03_blue-bmp-32-bit,inversion_vertical_color,/tmp/img_analyzer_qt5_nnan8uu5/input/img_03_blue-bmp-32-bit.bmp,/home/parallels/Documents/act/image_analyzer/output/6_threads/img_03_blue-bmp-32-bit_vc.bmp,ok,0.001015
6,img_03_blue-bmp-32-bit,inversion_horizontal_grises,/tmp/img_analyzer_qt5_nnan8uu5/input/img_03_blue-bmp-32-bit.bmp,/home/parallels/Documents/act/image_analyzer/output/6_threads/img_03_blue-bmp-32-bit_hg.bmp,ok,0.000940
6,img_03_blue-bmp-32-bit,inversion_horizontal_color,/tmp/img_analyzer_qt5_nnan8uu5/input/img_03_blue-bmp-32-bit.bmp,/home/parallels/Documents/act/image_analyzer/output/6_threads/img_03_blue-bmp-32-bit_hc.bmp,ok,0.002687
6,img_03_blue-bmp-32-bit,desenfoque_grises,/tmp/img_analyzer_qt5_nnan8uu5/input/img_03_blue-bmp-32-bit.bmp,/home/parallels/Documents/act/image_analyzer/output/6_threads/img_03_blue-bmp-32-bit_dg.bmp,ok,0.004906
6,img_03_blue-bmp-32-bit,desenfoque_color,/tmp/img_analyzer_qt5_nnan8uu5/input/img_03_blue-bmp-32-bit.bmp,/home/parallels/Documents/act/image_analyzer/output/6_threads/img_03_blue-bmp-32-bit_dc.bmp,ok,0.001928
6,img_04_bmp_24,inversion_vertical_grises,/tmp/img_analyzer_qt5_nnan8uu5/input/img_04_bmp_24.bmp,/home/parallels/Documents/act/image_analyzer/output/6_threads/img_04_bmp_24_vg.bmp,ok,0.000140
6,img_04_bmp_24,inversion_vertical_color,/tmp/img_analyzer_qt5_nnan8uu5/input/img_04_bmp_24.bmp,/home/parallels/Documents/act/image_analyzer/output/6_threads/img_04_bmp_24_vc.bmp,ok,0.000157
6,img_04_bmp_24,inversion_horizontal_grises,/tmp/img_analyzer_qt5_nnan8uu5/input/img_04_bmp_24.bmp,/home/parallels/Documents/act/image_analyzer/output/6_threads/img_04_bmp_24_hg.bmp,ok,0.000306
6,img_04_bmp_24,inversion_horizontal_color,/tmp/img_analyzer_qt5_nnan8uu5/input/img_04_bmp_24.bmp,/home/parallels/Documents/act/image_analyzer/output/6_threads/img_04_bmp_24_hc.bmp,ok,0.000131
6,img_04_bmp_24,desenfoque_grises,/tmp/img_analyzer_qt5_nnan8uu5/input/img_04_bmp_24.bmp,/home/parallels/Documents/act/image_analyzer/output/6_threads/img_04_bmp_24_dg.bmp,ok,0.000380
6,img_04_bmp_24,desenfoque_color,/tmp/img_analyzer_qt5_nnan8uu5/input/img_04_bmp_24.bmp,/home/parallels/Documents/act/image_analyzer/output/6_threads/img_04_bmp_24_dc.bmp,ok,0.000324
6,img_05_convertico-coffee-bean-24-bit-bmp,inversion_vertical_grises,/tmp/img_analyzer_qt5_nnan8uu5/input/img_05_convertico-coffee-bean-24-bit-bmp.bmp,/home/parallels/Documents/act/image_analyzer/output/6_threads/img_05_convertico-coffee-bean-24-bit-bmp_vg.bmp,ok,0.005892
6,img_05_convertico-coffee-bean-24-bit-bmp,inversion_vertical_color,/tmp/img_analyzer_qt5_nnan8uu5/input/img_05_convertico-coffee-bean-24-bit-bmp.bmp,/home/parallels/Documents/act/image_analyzer/output/6_threads/img_05_convertico-coffee-bean-24-bit-bmp_vc.bmp,ok,0.006648
6,img_05_convertico-coffee-bean-24-bit-bmp,inversion_horizontal_grises,/tmp/img_analyzer_qt5_nnan8uu5/input/img_05_convertico-coffee-bean-24-bit-bmp.bmp,/home/parallels/Documents/act/image_analyzer/output/6_threads/img_05_convertico-coffee-bean-24-bit-bmp_hg.bmp,ok,0.005995
6,img_05_convertico-coffee-bean-24-bit-bmp,inversion_horizontal_color,/tmp/img_analyzer_qt5_nnan8uu5/input/img_05_convertico-coffee-bean-24-bit-bmp.bmp,/home/parallels/Documents/act/image_analyzer/output/6_threads/img_05_convertico-coffee-bean-24-bit-bmp_hc.bmp,ok,0.005950
6,img_05_convertico-coffee-bean-24-bit-bmp,desenfoque_grises,/tmp/img_analyzer_qt5_nnan8uu5/input/img_05_convertico-coffee-bean-24-bit-bmp.bmp,/home/parallels/Documents/act/image_analyzer/output/6_threads/img_05_convertico-coffee-bean-24-bit-bmp_dg.bmp,ok,0.031502
6,img_05_convertico-coffee-bean-24-bit-bmp,desenfoque_color,/tmp/img_analyzer_qt5_nnan8uu5/input/img_05_convertico-coffee-bean-24-bit-bmp.bmp,/home/parallels/Documents/act/image_analyzer/output/6_threads/img_05_convertico-coffee-bean-24-bit-bmp_dc.bmp,ok,0.018695
6,img_06_dots,inversion_vertical_grises,/tmp/img_analyzer_qt5_nnan8uu5/input/img_06_dots.bmp,/home/parallels/Documents/act/image_analyzer/output/6_threads/img_06_dots_vg.bmp,ok,0.000610
6,img_06_dots,inversion_vertical_color,/tmp/img_analyzer_qt5_nnan8uu5/input/img_06_dots.bmp,/home/parallels/Documents/act/image_analyzer/output/6_threads/img_06_dots_vc.bmp,ok,0.000652
6,img_06_dots,inversion_horizontal_grises,/tmp/img_analyzer_qt5_nnan8uu5/input/img_06_dots.bmp,/home/parallels/Documents/act/image_analyzer/output/6_threads/img_06_dots_hg.bmp,ok,0.001216
6,img_06_dots,inversion_horizontal_color,/tmp/img_analyzer_qt5_nnan8uu5/input/img_06_dots.bmp,/home/parallels/Documents/act/image_analyzer/output/6_threads/img_06_dots_hc.bmp,ok,0.001882
6,img_06_dots,desenfoque_grises,/tmp/img_analyzer_qt5_nnan8uu5/input/img_06_dots.bmp,/home/parallels/Documents/act/image_analyzer/output/6_threads/img_06_dots_dg.bmp,ok,0.001318
6,img_06_dots,desenfoque_color,/tmp/img_analyzer_qt5_nnan8uu5/input/img_06_dots.bmp,/home/parallels/Documents/act/image_analyzer/output/6_threads/img_06_dots_dc.bmp,ok,0.001623
6,img_07_greenland_grid_velo,inversion_vertical_grises,/tmp/img_analyzer_qt5_nnan8uu5/input/img_07_greenland_grid_velo.bmp,/home/parallels/Documents/act/image_analyzer/output/6_threads/img_07_greenland_grid_velo_vg.bmp,ok,0.004412
6,img_07_greenland_grid_velo,inversion_vertical_color,/tmp/img_analyzer_qt5_nnan8uu5/input/img_07_greenland_grid_velo.bmp,/home/parallels/Documents/act/image_analyzer/output/6_threads/img_07_greenland_grid_velo_vc.bmp,ok,0.003115
6,img_07_greenland_grid_velo,inversion_horizontal_grises,/tmp/img_analyzer_qt5_nnan8uu5/input/img_07_greenland_grid_velo.bmp,/home/parallels/Documents/act/image_analyzer/output/6_threads/img_07_greenland_grid_velo_hg.bmp,ok,0.005628
6,img_07_greenland_grid_velo,inversion_horizontal_color,/tmp/img_analyzer_qt5_nnan8uu5/input/img_07_greenland_grid_velo.bmp,/home/parallels/Documents/act/image_analyzer/output/6_threads/img_07_greenland_grid_velo_hc.bmp,ok,0.006299
6,img_07_greenland_grid_velo,desenfoque_grises,/tmp/img_analyzer_qt5_nnan8uu5/input/img_07_greenland_grid_velo.bmp,/home/parallels/Documents/act/image_analyzer/output/6_threads/img_07_greenland_grid_velo_dg.bmp,ok,0.007149
6,img_07_greenland_grid_velo,desenfoque_color,/tmp/img_analyzer_qt5_nnan8uu5/input/img_07_greenland_grid_velo.bmp,/home/parallels/Documents/act/image_analyzer/output/6_threads/img_07_greenland_grid_velo_dc.bmp,ok,0.006639
6,img_08_lena,inversion_vertical_grises,/tmp/img_analyzer_qt5_nnan8uu5/input/img_08_lena.bmp,/home/parallels/Documents/act/image_analyzer/output/6_threads/img_08_lena_vg.bmp,ok,0.001293
6,img_08_lena,inversion_vertical_color,/tmp/img_analyzer_qt5_nnan8uu5/input/img_08_lena.bmp,/home/parallels/Documents/act/image_analyzer/output/6_threads/img_08_lena_vc.bmp,ok,0.001849
6,img_08_lena,inversion_horizontal_grises,/tmp/img_analyzer_qt5_nnan8uu5/input/img_08_lena.bmp,/home/parallels/Documents/act/image_analyzer/output/6_threads/img_08_lena_hg.bmp,ok,0.001162
6,img_08_lena,inversion_horizontal_color,/tmp/img_analyzer_qt5_nnan8uu5/input/img_08_lena.bmp,/home/parallels/Documents/act/image_analyzer/output/6_threads/img_08_lena_hc.bmp,ok,0.001127
6,img_08_lena,desenfoque_grises,/tmp/img_analyzer_qt5_nnan8uu5/input/img_08_lena.bmp,/home/parallels/Documents/act/image_analyzer/output/6_threads/img_08_lena_dg.bmp,ok,0.002039
6,img_08_lena,desenfoque_color,/tmp/img_analyzer_qt5_nnan8uu5/input/img_08_lena.bmp,/home/parallels/Documents/act/image_analyzer/output/6_threads/img_08_lena_dc.bmp,ok,0.002500
6,img_09_sample_1280×853,inversion_vertical_grises,/tmp/img_analyzer_qt5_nnan8uu5/input/img_09_sample_1280×853.bmp,/home/parallels/Documents/act/image_analyzer/output/6_threads/img_09_sample_1280×853_vg.bmp,ok,0.006024
6,img_09_sample_1280×853,inversion_vertical_color,/tmp/img_analyzer_qt5_nnan8uu5/input/img_09_sample_1280×853.bmp,/home/parallels/Documents/act/image_analyzer/output/6_threads/img_09_sample_1280×853_vc.bmp,ok,0.002444
6,img_09_sample_1280×853,inversion_horizontal_grises,/tmp/img_analyzer_qt5_nnan8uu5/input/img_09_sample_1280×853.bmp,/home/parallels/Documents/act/image_analyzer/output/6_threads/img_09_sample_1280×853_hg.bmp,ok,0.001571
6,img_09_sample_1280×853,inversion_horizontal_color,/tmp/img_analyzer_qt5_nnan8uu5/input/img_09_sample_1280×853.bmp,/home/parallels/Documents/act/image_analyzer/output/6_threads/img_09_sample_1280×853_hc.bmp,ok,0.003165
6,img_09_sample_1280×853,desenfoque_grises,/tmp/img_analyzer_qt5_nnan8uu5/input/img_09_sample_1280×853.bmp,/home/parallels/Documents/act/image_analyzer/output/6_threads/img_09_sample_1280×853_dg.bmp,ok,0.011800
6,img_09_sample_1280×853,desenfoque_color,/tmp/img_analyzer_qt5_nnan8uu5/input/img_09_sample_1280×853.bmp,/home/parallels/Documents/act/image_analyzer/output/6_threads/img_09_sample_1280×853_dc.bmp,ok,0.006110
6,img_10_snail,inversion_vertical_grises,/tmp/img_analyzer_qt5_nnan8uu5/input/img_10_snail.bmp,/home/parallels/Documents/act/image_analyzer/output/6_threads/img_10_snail_vg.bmp,ok,0.000471
6,img_10_snail,inversion_vertical_color,/tmp/img_analyzer_qt5_nnan8uu5/input/img_10_snail.bmp,/home/parallels/Documents/act/image_analyzer/output/6_threads/img_10_snail_vc.bmp,ok,0.000409
6,img_10_snail,inversion_horizontal_grises,/tmp/img_analyzer_qt5_nnan8uu5/input/img_10_snail.bmp,/home/parallels/Documents/act/image_analyzer/output/6_threads/img_10_snail_hg.bmp,ok,0.000205
6,img_10_snail,inversion_horizontal_color,/tmp/img_analyzer_qt5_nnan8uu5/input/img_10_snail.bmp,/home/parallels/Documents/act/image_analyzer/output/6_threads/img_10_snail_hc.bmp,ok,0.000822
6,img_10_snail,desenfoque_grises,/tmp/img_analyzer_qt5_nnan8uu5/input/img_10_snail.bmp,/home/parallels/Documents/act/image_analyzer/output/6_threads/img_10_snail_dg.bmp,ok,0.001189
6,img_10_snail,desenfoque_color,/tmp/img_analyzer_qt5_nnan8uu5/input/img_10_snail.bmp,/home/parallels/Documents/act/image_analyzer/output/6_threads/img_10_snail_dc.bmp,ok,0.000508
